{"overview": "Jonathan Switcher, an unemployed artist, finds a job as an assistant window dresser for a department store. When Jonathan happens upon a beautiful mannequin he previously designed, she springs to life and introduces herself as Emmy, an Egyptian under an ancient spell. Despite interference from the store's devious manager, Jonathan and his mannequin fall in love while creating eye-catching window displays to keep the struggling store in business.", "popularity": 29.366, "original_title": "Mannequin", "runtime": 89, "release_date": "1987-02-13", "vote_average": 6.826, "vote_count": 637, "status": "Released", "tagline": "Just because Jonathan's fallen in love with a piece of wood, it doesn't make him a dummy.", "spoken_languages": "en", "cast": "Andrew McCarthy|Kim Cattrall|Estelle Getty|James Spader|G.W. Bailey", "id": 10019}