{"overview": "LAPD Sgt. Joe Friday -- the equally straight-laced nephew of the famous police sergeant of the same name -- is paired up with a young, freewheeling detective named Pep Streebeck. After investigating some strange robberies at the local zoo and the theft of a stockpile of pornographic magazines, they uncover cult activity in the heart of the city and are hot on the case to figure out who's behind it all.", "popularity": 13.887, "original_title": "Dragnet", "runtime": 106, "release_date": "1987-06-23", "vote_average": 5.924, "vote_count": 427, "status": "Released", "tagline": "\"Just The Facts.\"", "spoken_languages": "en", "cast": "Dan Aykroyd|Tom Hanks|Christopher Plummer|Harry Morgan|Alexandra Paul", "id": 10023}