{"overview": "For Rod Kimble, performing stunts is a way of life, even though he is rather accident-prone. Poor Rod cannot even get any respect from his stepfather, Frank, who beats him up in weekly sparring matches. When Frank falls ill, Rod devises his most outrageous stunt yet to raise money for Frank's operation -- and then Rod will kick Frank's butt.", "popularity": 12.248, "original_title": "Hot Rod", "runtime": 88, "release_date": "2007-08-03", "vote_average": 6.4, "vote_count": 899, "status": "Released", "tagline": "Smack destiny in the face.", "spoken_languages": "en", "cast": "Andy Samberg|Jorma Taccone|Bill Hader|Danny McBride|Isla Fisher", "id": 10074}