{"overview": "Sarah, 30, single, well educated, likes art, places a voice ad for phone sex, inviting replies from men under 35, sturdy and sensual. Wilbert, a chubby middle aged architect, leaves a message that he is Thomas, 32 and well formed. A week later, she phones. She likes his voice, he likes her laugh, so once a week she phones him (he's not to know her last name, where she lives, or her number). Portraits emerge of humor and sadness. He presses for details of her life and tells her about his work; she wants these Thursday calls to be fantasy and release, separate from the rest of who she is. The film dramatizes these tensions of lies and truth, connection and distance. Written by", "popularity": 1.067, "original_title": "06", "runtime": 87, "release_date": "1994-09-01", "vote_average": 4.8, "vote_count": 5, "status": "Released", "tagline": "... sex without hangups", "spoken_languages": "nl|en", "cast": "Ad van Kempen|Ariane Schluter", "id": 101230}