{"overview": "Dream demon Freddy Krueger is resurrected from his apparent demise, and rapidly tracks down and kills the remainder of the Elm Street kids. However, Kristen, who can draw others into her dreams, wills her special ability to her friend Alice. Alice soon realizes that Freddy is taking advantage of that unknown power to pull a new group of children into his foul domain.", "popularity": 21.891, "original_title": "A Nightmare on Elm Street 4: The Dream Master", "runtime": 94, "release_date": "1988-08-19", "vote_average": 5.832, "vote_count": 1261, "status": "Released", "tagline": "Terror beyond your wildest dreams.", "spoken_languages": "en", "cast": "Robert Englund|Lisa Wilcox|Tuesday Knight|Andras Jones|Danny Hassel", "id": 10131}