{"overview": "A young boy named Luke and his grandmother go on vacation only to discover their hotel is hosting an international witch convention, where the Grand High Witch is unveiling her master plan to turn all children into mice. Will Luke fall victim to the witches' plot before he can stop them?", "popularity": 28.497, "original_title": "The Witches", "runtime": 91, "release_date": "1990-05-25", "vote_average": 6.915, "vote_count": 1152, "status": "Released", "tagline": "Saving the world from witches is a tall order for a boy they've turned into a mouse!", "spoken_languages": "en", "cast": "Jasen Fisher|Mai Zetterling|Anjelica Huston|Charlie Potter|Rowan Atkinson", "id": 10166}