{"overview": "After 6 years together, Mike's girlfriend leaves him, so he travels to LA to be a star. Six months on, he's still not doing very well\u2014 so a few of his friends try to reconnect him to the social scene and hopefully help him forget his failed relationship.", "popularity": 13.946, "original_title": "Swingers", "runtime": 96, "release_date": "1996-10-18", "vote_average": 6.892, "vote_count": 660, "status": "Released", "tagline": "Get a nightlife.", "spoken_languages": "en", "cast": "Jon Favreau|Vince Vaughn|Ron Livingston|Patrick Van Horn|Alex D\u00e9sert", "id": 10218}