{"overview": "If your enemy refuses to be humbled... Destroy him. Accompanied by his brother Kurt (Van Damme), American kickboxing champion Eric Sloane (Dennis Alexio), arrives in Thailand to defeat the Eastern warriors at their own sport. His opponent: ruthless fighter and Thai champion, Tong Po. Tong not only defeats Eric, he paralyzes him for life. Crazed with anger, Kurt vows revenge.", "popularity": 22.856, "original_title": "Kickboxer", "runtime": 97, "release_date": "1989-04-20", "vote_average": 6.775, "vote_count": 1256, "status": "Released", "tagline": "An Ancient Sport Becomes A Deadly Game.", "spoken_languages": "en", "cast": "Jean-Claude Van Damme|Dennis Alexio|Dennis Chan Kwok-San|Michel Qissi|Haskell V. Anderson III", "id": 10222}