{"overview": "Two psychotic young men take a mother, father, and son hostage in their vacation cabin and force them to play sadistic \"games\" with one another for their own amusement.", "popularity": 19.479, "original_title": "Funny Games", "runtime": 109, "release_date": "1997-09-11", "vote_average": 7.33, "vote_count": 1639, "status": "Released", "tagline": "A nightmare.", "spoken_languages": "de", "cast": "Ulrich M\u00fche|Susanne Lothar|Arno Frisch|Frank Giering|Stefan Clapczynski", "id": 10234}