{"overview": "Wealthy and precocious teenager Juliet transfers from England to New Zealand with her family, and soon befriends the quiet, brooding Pauline through their shared love of fantasy and literature. When their parents begin to suspect that their increasingly intense and obsessive bond is becoming unhealthy, the girls hatch a dark plan for those who threaten to keep them apart.", "popularity": 17.548, "original_title": "Heavenly Creatures", "runtime": 109, "release_date": "1994-09-12", "vote_average": 7.004, "vote_count": 831, "status": "Released", "tagline": "Not all angels are innocent.", "spoken_languages": "en", "cast": "Melanie Lynskey|Kate Winslet|Sarah Peirse|Diana Kent|Clive Merrison", "id": 1024}