{"overview": "A mentally unstable Vietnam War veteran works as a night-time taxi driver in New York City where the perceived decadence and sleaze feed his urge for violent action.", "popularity": 53.936, "original_title": "Taxi Driver", "runtime": 114, "release_date": "1976-02-09", "vote_average": 8.2, "vote_count": 11211, "status": "Released", "tagline": "On every street in every city, there's a nobody who dreams of being a somebody.", "spoken_languages": "en|es", "cast": "Robert De Niro|Jodie Foster|Cybill Shepherd|Harvey Keitel|Peter Boyle", "id": 103}