{"overview": "A 1939 test pilot asks his best friend to use him as a guinea pig for a cryogenics experiment. Daniel McCormick wants to be frozen for a year so that he doesn't have to watch his love lying in a coma. The next thing Daniel knows is that he's been awoken in 1992.", "popularity": 14.724, "original_title": "Forever Young", "runtime": 102, "release_date": "1992-12-16", "vote_average": 6.476, "vote_count": 820, "status": "Released", "tagline": "Time waits for no man, but true love waits forever.", "spoken_languages": "en", "cast": "Mel Gibson|Jamie Lee Curtis|Elijah Wood|Isabel Glasser|George Wendt", "id": 10326}