{"overview": "Mother and daughter bicker over everything -- what Anna wears, whom she likes and what she wants to do when she's older. In turn, Anna detests Tess's fianc\u00e9. When a magical fortune cookie switches their personalities, they each get a peek at how the other person feels, thinks and lives.", "popularity": 31.737, "original_title": "Freaky Friday", "runtime": 97, "release_date": "2003-08-05", "vote_average": 6.467, "vote_count": 3506, "status": "Released", "tagline": "Mondays are manic. Wednesdays are wild. And Fridays are about to get a little freaky.", "spoken_languages": "zh|en", "cast": "Lindsay Lohan|Jamie Lee Curtis|Harold Gould|Chad Michael Murray|Mark Harmon", "id": 10330}