{"overview": "Brad Sexton and his wife, Caroline, are wealthy New Yorkers with both marital and financial problems. The latter issue becomes a pressing matter when they discover that their accountant has embezzled millions and pinned the blame on them. Forced to go on the lam, Brad and Caroline end up in an Amish area of Pennsylvania and decide to pose as members of the religious group to evade the IRS. As the two adapt to the simple Amish lifestyle, they begin to reconnect.", "popularity": 12.504, "original_title": "For Richer or Poorer", "runtime": 115, "release_date": "1997-12-11", "vote_average": 5.93, "vote_count": 208, "status": "Released", "tagline": "", "spoken_languages": "en", "cast": "Tim Allen|Kirstie Alley|Wayne Knight|Larry Miller|Jay O. Sanders", "id": 10371}