{"overview": "The Limey follows Wilson, a tough English ex-con who travels to Los Angeles to avenge his daughter's death. Upon arrival, Wilson goes to task battling Valentine and an army of L.A.'s toughest criminals, hoping to find clues and piece together what happened. After surviving a near-death beating, getting thrown from a building and being chased down a dangerous mountain road, the Englishman decides to dole out some bodily harm of his own.", "popularity": 15.368, "original_title": "The Limey", "runtime": 89, "release_date": "1999-05-15", "vote_average": 6.578, "vote_count": 380, "status": "Released", "tagline": "Vengeance knows no boundaries.", "spoken_languages": "en", "cast": "Terence Stamp|Lesley Ann Warren|Luis Guzm\u00e1n|Barry Newman|Joe Dallesandro", "id": 10388}