{"overview": "John Berlin, a big-city cop from LA moves to a small-town police force and immediately finds himself investigating a murder. Using theories rejected by his colleagues, Berlin meets a young blind woman named Helena, whom he is attracted to. Meanwhile, a serial killer is on the loose\u2014and only John knows it.", "popularity": 11.259, "original_title": "Jennifer Eight", "runtime": 124, "release_date": "1992-11-06", "vote_average": 6.027, "vote_count": 317, "status": "Released", "tagline": "Is anyone there?", "spoken_languages": "en", "cast": "Andy Garc\u00eda|Lance Henriksen|Uma Thurman|Graham Beckel|Kathy Baker", "id": 10424}