{"overview": "An airline pilot and his wife are forced to face the consequences of her alcoholism when her addictions threaten her life and their daughter's safety. While the woman enters detox, her husband must face the truth of his enabling behavior.", "popularity": 22.067, "original_title": "When a Man Loves a Woman", "runtime": 126, "release_date": "1994-04-29", "vote_average": 6.472, "vote_count": 306, "status": "Released", "tagline": "Through the good times. Through the bad times. When a Man Loves a Woman it's for all times.", "spoken_languages": "en|vi", "cast": "Andy Garc\u00eda|Meg Ryan|Tina Majorino|Philip Seymour Hoffman|Lauren Tom", "id": 10449}