{"overview": "When Geoff, an orphaned stable boy (Chris Masterson), discovers Drake (voice of Robby Benson), the world's last living dragon, he realizes that his dream of becoming a knight in shining armor can now come true. Together, they soon face challenges that turn them into heroes. But caught up in the excitement of their new lives, Geoff and Drake fail to see the hidden dangers that surround them.", "popularity": 13.057, "original_title": "DragonHeart: A New Beginning", "runtime": 84, "release_date": "2000-08-08", "vote_average": 5.2, "vote_count": 263, "status": "Released", "tagline": "", "spoken_languages": "en|es", "cast": "Christopher Masterson|Harry Van Gorkum|Rona Figueroa|Matt Hickey|Henry O", "id": 10473}