{"overview": "Charlie's got a 'job' to do. Having just left prison he finds one of his friends has attempted a high-risk job in Torino, Italy, right under the nose of the mafia. Charlie's friend doesn't get very far, so Charlie takes over the 'job'. Using three Mini Coopers, a couple of Jaguars, and a bus, he hopes to bring Torino to a standstill, steal a fortune in gold and escape in the chaos.", "popularity": 22.108, "original_title": "The Italian Job", "runtime": 99, "release_date": "1969-06-02", "vote_average": 6.981, "vote_count": 654, "status": "Released", "tagline": "Introducing the plans for a new business venture.", "spoken_languages": "en|it", "cast": "Michael Caine|No\u00ebl Coward|Benny Hill|Margaret Blye|Raf Vallone", "id": 10536}