{"overview": "Abraham Van Helsing, who has tangled with Count Dracula in the past, works as an English antiques dealer. Simon is a vampire hunter in training under his apprenticeship.", "popularity": 17.649, "original_title": "Dracula 2000", "runtime": 99, "release_date": "2000-12-22", "vote_average": 5.228, "vote_count": 605, "status": "Released", "tagline": "The Most Seductive Evil of All Time Has Now Been Unleashed in Ours.", "spoken_languages": "en", "cast": "Gerard Butler|Christopher Plummer|Jonny Lee Miller|Justine Waddell|Vitamin C", "id": 10577}