{"overview": "Cady Heron is a hit with The Plastics, the A-list girl clique at her new school, until she makes the mistake of falling for Aaron Samuels, the ex-boyfriend of alpha Plastic Regina George.", "popularity": 81.122, "original_title": "Mean Girls", "runtime": 97, "release_date": "2004-04-30", "vote_average": 7.2, "vote_count": 8005, "status": "Released", "tagline": "Welcome to girl world.", "spoken_languages": "sw|en|de|vi", "cast": "Lindsay Lohan|Rachel McAdams|Lizzy Caplan|Lacey Chabert|Amanda Seyfried", "id": 10625}