{"overview": "African-American Philadelphia police detective Virgil Tibbs is arrested on suspicion of murder by Bill Gillespie, the racist police chief of tiny Sparta, Mississippi. After Tibbs proves not only his own innocence but that of another man, he joins forces with Gillespie to track down the real killer. Their investigation takes them through every social level of the town, with Tibbs making enemies as well as unlikely friends as he hunts for the truth.", "popularity": 15.531, "original_title": "In the Heat of the Night", "runtime": 109, "release_date": "1967-08-02", "vote_average": 7.655, "vote_count": 940, "status": "Released", "tagline": "They got a murder on their hands. They don\u2019t know what to do with it.", "spoken_languages": "en", "cast": "Sidney Poitier|Rod Steiger|Warren Oates|Peter Whitney|Lee Grant", "id": 10633}