{"overview": "\"Dirty\" Harry Callahan is a San Francisco Police Inspector on the trail of a group of rogue cops who have taken justice into their own hands. When shady characters are murdered one after another in grisly fashion, only Dirty Harry can stop them.", "popularity": 39.472, "original_title": "Magnum Force", "runtime": 124, "release_date": "1973-12-13", "vote_average": 7.14, "vote_count": 944, "status": "Released", "tagline": "A man's got to know his limitations.", "spoken_languages": "en", "cast": "Clint Eastwood|Hal Holbrook|Mitchell Ryan|David Soul|Tim Matheson", "id": 10648}