{"overview": "The action continues from [REC], with the medical officer and a SWAT team outfitted with video cameras are sent into the sealed off apartment to control the situation.", "popularity": 20.167, "original_title": "[REC]\u00b2", "runtime": 84, "release_date": "2009-09-15", "vote_average": 6.604, "vote_count": 1832, "status": "Released", "tagline": "Fear Revisited.", "spoken_languages": "es", "cast": "Jonathan D. Mellor|\u00d3scar Zafra|Ariel Casas|Alejandro Casaseca|Pablo Rosso", "id": 10664}