{"overview": "Threats from sinister foreign nationals aren't the only thing to fear. Bedraggled college professor Michael Faraday has been vexed (and increasingly paranoid) since his wife's accidental death in a botched FBI operation. But all that takes a backseat when a seemingly all-American couple set up house next door.", "popularity": 15.777, "original_title": "Arlington Road", "runtime": 117, "release_date": "1999-03-19", "vote_average": 7.01, "vote_count": 978, "status": "Released", "tagline": "Your Paranoia Is Real.", "spoken_languages": "en", "cast": "Jeff Bridges|Tim Robbins|Joan Cusack|Hope Davis|Robert Gossett", "id": 1073}