{"overview": "Seymour Krelborn is a nerdy orphan working at Mushnik's, a flower shop in urban Skid Row. He harbors a crush on fellow co-worker Audrey Fulquard, and is berated by Mr. Mushnik daily. One day Seymour finds a very mysterious unidentified plant which he calls Audrey II. The plant seems to have a craving for blood and soon begins to sing for his supper.", "popularity": 20.858, "original_title": "Little Shop of Horrors", "runtime": 94, "release_date": "1986-12-19", "vote_average": 6.904, "vote_count": 1306, "status": "Released", "tagline": "Don't feed the plants.", "spoken_languages": "en", "cast": "Rick Moranis|Ellen Greene|Vincent Gardenia|Levi Stubbs|Steve Martin", "id": 10776}