{"overview": "A group of beavers ask Dr. Dolittle to save their habitat from loggers. The only hope is to get the forest preserved because it's the home of a protected bear, but there's a problem: the bear's the only bear in the forest, so she can't reproduce. Undaunted, Dolittle persuades a circus bear to help out, but he has to teach him not just the ways of the wild, but the wiles of lady bears too.", "popularity": 21.851, "original_title": "Dr. Dolittle 2", "runtime": 87, "release_date": "2001-06-22", "vote_average": 5.289, "vote_count": 1557, "status": "Released", "tagline": "The doctor is in again.", "spoken_languages": "en", "cast": "Eddie Murphy|Kristen Wilson|Kyla Pratt|Raven-Symon\u00e9|Steve Zahn", "id": 10808}