{"overview": "An American cowboy living in Mexico discovers his cattle is being eaten by a giant prehistoric dinosaur.", "popularity": 4.537, "original_title": "The Beast of Hollow Mountain", "runtime": 81, "release_date": "1956-08-01", "vote_average": 4.2, "vote_count": 50, "status": "Released", "tagline": "One Day After A Million Years It Came Out Of Hiding To... Kill! Kill! Kill!", "spoken_languages": "en|es", "cast": "Guy Madison|Patricia Medina|Carlos Rivas|Mario Navarro|Pascual Garc\u00eda Pe\u00f1a", "id": 108181}