{"overview": "The Candyman moves on to New Orleans and starts his horrific murders once more. This time, his intended victim is a school teacher. Her father was killed by the Candyman, and brother wrongly accused of the murders.", "popularity": 15.118, "original_title": "Candyman: Farewell to the Flesh", "runtime": 94, "release_date": "1995-03-17", "vote_average": 5.4, "vote_count": 328, "status": "Released", "tagline": "Evil comes when you call his name.", "spoken_languages": "en", "cast": "Tony Todd|Kelly Rowan|William O'Leary|Bill Nunn|David Gianopoulos", "id": 10824}