{"overview": "Lucas and Clementine live peacefully in their isolated country house, but one night they wake up to strange noise. They're not alone... and a group of hooded assailants begin to terrorize them throughout the night.", "popularity": 8.85, "original_title": "Ils", "runtime": 77, "release_date": "2006-07-19", "vote_average": 6.109, "vote_count": 481, "status": "Released", "tagline": "They're already inside.", "spoken_languages": "fr|ro", "cast": "Olivia Bonamy|Micha\u00ebl Cohen|Adriana Mocca|Maria Roman|Camelia Maxim", "id": 10832}