{"overview": "Cecilia is a waitress in New Jersey, living a dreary life during the Great Depression. Her only escape from her mundane reality is the movie theatre. After losing her job, Cecilia goes to see 'The Purple Rose of Cairo' in hopes of raising her spirits, where she watches dashing archaeologist Tom Baxter time and again.", "popularity": 17.755, "original_title": "The Purple Rose of Cairo", "runtime": 82, "release_date": "1985-03-01", "vote_average": 7.399, "vote_count": 920, "status": "Released", "tagline": "She's finally met the man of her dreams. He's not real but you can't have everything.", "spoken_languages": "en", "cast": "Mia Farrow|Jeff Daniels|Danny Aiello|Irving Metzman|Stephanie Farrow", "id": 10849}