{"overview": "Marjorie Turner is suffocating. Her younger sister Jeanine has no ambition, and her 8 year marriage to Harry puts her in constant competition with his family (all doctors)..", "popularity": 6.362, "original_title": "Sibling Rivalry", "runtime": 87, "release_date": "1990-10-26", "vote_average": 5.122, "vote_count": 49, "status": "Released", "tagline": "She Did It And Boy Is She Sorry", "spoken_languages": "en", "cast": "Kirstie Alley|Bill Pullman|Carrie Fisher|Jami Gertz|Scott Bakula", "id": 108553}