{"overview": "The world's most highly qualified crew of archaeologists and explorers is led by historian Milo Thatch as they board the incredible 1,000-foot submarine Ulysses and head deep into the mysteries of the sea. The underwater expedition takes an unexpected turn when the team's mission must switch from exploring Atlantis to protecting it.", "popularity": 32.775, "original_title": "Atlantis: The Lost Empire", "runtime": 95, "release_date": "2001-06-02", "vote_average": 6.982, "vote_count": 4362, "status": "Released", "tagline": "Atlantis is waiting...", "spoken_languages": "en|fr|es", "cast": "Michael J. Fox|Cree Summer|James Garner|Claudia Christian|Phil Morris", "id": 10865}