{"overview": "The next great psycho horror slasher has given a documentary crew exclusive access to his life as he plans his reign of terror over the sleepy town of Glen Echo, all the while deconstructing the conventions and archetypes of the horror genre for them.", "popularity": 15.321, "original_title": "Behind the Mask: The Rise of Leslie Vernon", "runtime": 92, "release_date": "2006-03-16", "vote_average": 6.5, "vote_count": 400, "status": "Released", "tagline": "Freddy, Jason, Michael. We All Need Someone To Look Up To.", "spoken_languages": "en", "cast": "Nathan Baesel|Angela Goethals|Robert Englund|Scott Wilson|Zelda Rubinstein", "id": 10961}