{"overview": "For Dan Gallagher, life is good. He is on the rise at his New York law firm, is happily married to his wife, Beth, and has a loving daughter. But, after a casual fling with a sultry book editor named Alex, everything changes. Jilted by Dan, Alex becomes unstable, her behavior escalating from aggressive pursuit to obsessive stalking. Dan realizes that his main problem is not hiding his affair, but rather saving himself and his family.", "popularity": 23.856, "original_title": "Fatal Attraction", "runtime": 119, "release_date": "1987-09-18", "vote_average": 6.844, "vote_count": 1309, "status": "Released", "tagline": "On the other side of drinks, dinner and a one-night stand, lies a terrifying love story.", "spoken_languages": "en", "cast": "Michael Douglas|Glenn Close|Anne Archer|Ellen Hamilton Latzen|Stuart Pankin", "id": 10998}