{"overview": "Nick Carraway, a young Midwesterner now living on Long Island, finds himself fascinated by the mysterious past and lavish lifestyle of his neighbor, the nouveau riche Jay Gatsby. He is drawn into Gatsby's circle, becoming a witness to obsession and tragedy.", "popularity": 18.356, "original_title": "The Great Gatsby", "runtime": 144, "release_date": "1974-03-27", "vote_average": 6.306, "vote_count": 430, "status": "Released", "tagline": "Gone is the romance that was so divine", "spoken_languages": "en", "cast": "Robert Redford|Mia Farrow|Bruce Dern|Karen Black|Scott Wilson", "id": 11034}