{"overview": "Set on an island off the coast, a techno rave party attracts a diverse group of college coeds and a Coast Guard officer. Soon, they discover that their X-laced escapades are to be interrupted by zombies and monsters that attack them on the ground, from the air, and in the sea, ruled by an evil entity in the House of the Dead... Prequel to the House of the Dead video games.", "popularity": 10.705, "original_title": "House of the Dead", "runtime": 90, "release_date": "2003-04-11", "vote_average": 3.1, "vote_count": 359, "status": "Released", "tagline": "You won't last the night.", "spoken_languages": "en", "cast": "Jonathan Cherry|Tyron Leitso|Clint Howard|Ona Grauer|Sonya Salomaa", "id": 11059}