{"overview": "Seven years after the death of his wife, widower Shigeharu seeks advice on how to find a new wife from a colleague. Taking advantage of their position as a film company, they stage an audition. Interviewing a series of women, Shigeharu is enchanted by the quiet Asami. But soon things take a twisted turn as Asami isn\u2019t what she seems to be.", "popularity": 26.917, "original_title": "\u30aa\u30fc\u30c7\u30a3\u30b7\u30e7\u30f3", "runtime": 115, "release_date": "1999-10-06", "vote_average": 7.1, "vote_count": 1374, "status": "Released", "tagline": "She always gets a part.", "spoken_languages": "ja", "cast": "Ryo Ishibashi|Eihi Shiina|Jun Kunimura|Tetsu Sawaki|Renji Ishibashi", "id": 11075}