{"overview": "Mia Thermopolis is now a college graduate and on her way to Genovia to take up her duties as princess. Her best friend Lilly also joins her for the summer. Mia continues her 'princess lessons'- riding horses side-saddle, archery, and other royal. But her complicated life is turned upside down once again when she not only learns that she is to take the crown as queen earlier than expected...", "popularity": 39.076, "original_title": "The Princess Diaries 2: Royal Engagement", "runtime": 113, "release_date": "2004-08-06", "vote_average": 6.681, "vote_count": 3034, "status": "Released", "tagline": "It can take a lifetime to find true love; she's got 30 days!", "spoken_languages": "en", "cast": "Anne Hathaway|Julie Andrews|H\u00e9ctor Elizondo|John Rhys-Davies|Heather Matarazzo", "id": 11130}