{"overview": "Loner Mark Lewis works at a film studio during the day and, at night, takes racy photographs of women. Also he's making a documentary on fear, which involves recording the reactions of victims as he murders them. He befriends Helen, the daughter of the family living in the apartment below his, and he tells her vaguely about the movie he is making.", "popularity": 13.876, "original_title": "Peeping Tom", "runtime": 101, "release_date": "1960-05-16", "vote_average": 7.4, "vote_count": 693, "status": "Released", "tagline": "What made this the most diabolical murder weapon ever used?", "spoken_languages": "en", "cast": "Karlheinz B\u00f6hm|Moira Shearer|Anna Massey|Maxine Audley|Brenda Bruce", "id": 11167}