{"overview": "A teenage hustler and a young man obsessed with alien abductions cross paths, together discovering a horrible, liberating truth.", "popularity": 17.225, "original_title": "Mysterious Skin", "runtime": 105, "release_date": "2005-03-30", "vote_average": 7.546, "vote_count": 905, "status": "Released", "tagline": "Two boys. One can't remember. The other can't forget.", "spoken_languages": "en", "cast": "Brady Corbet|Joseph Gordon-Levitt|Michelle Trachtenberg|Jeffrey Licon|Mary Lynn Rajskub", "id": 11171}