{"overview": "When a local man's corpse appears on a nearby hillside, no one is quite sure what happened to him. Many of the town's residents secretly wonder if they are responsible, including the man's ex-wife, Jennifer, and Capt. Albert Wiles, a retired seaman who was hunting in the woods where the body was found. As the no-nonsense sheriff gets involved and local artist Sam Marlowe offers his help, the community slowly unravels the mystery.", "popularity": 11.408, "original_title": "The Trouble with Harry", "runtime": 99, "release_date": "1955-10-03", "vote_average": 7.007, "vote_count": 751, "status": "Released", "tagline": "A different kind of kick-the-bucket comedy!", "spoken_languages": "en", "cast": "John Forsythe|Shirley MacLaine|Edmund Gwenn|Mildred Natwick|Mildred Dunnock", "id": 11219}