{"overview": "Billy Hayes is caught attempting to smuggle drugs out of Turkey. The Turkish courts decide to make an example of him, sentencing him to more than 30 years in prison. Hayes has two opportunities for release: the appeals made by his lawyer, his family, and the American government, or the \"Midnight Express\".", "popularity": 19.33, "original_title": "Midnight Express", "runtime": 121, "release_date": "1978-08-31", "vote_average": 7.518, "vote_count": 1557, "status": "Released", "tagline": "Walk into the incredible true experience of Billy Hayes, and bring all the courage you can!", "spoken_languages": "en|fr|mt|tr", "cast": "Brad Davis|Irene Miracle|Bo Hopkins|Paolo Bonacelli|Paul L. Smith", "id": 11327}