{"overview": "The joke's on absent-minded scientist Wayne Szalinski when his troublesome invention shrinks him, his brother and their wives so effectively that their children think they've completely disappeared. Of course, this gives the kids free rein to do anything they want, unaware that their parents are watching every move.", "popularity": 17.566, "original_title": "Honey, We Shrunk Ourselves", "runtime": 74, "release_date": "1997-03-18", "vote_average": 5.381, "vote_count": 620, "status": "Released", "tagline": "The world's wackiest scientist has done it again!", "spoken_languages": "en", "cast": "Rick Moranis|Bug Hall|Allison Mack|Robin Bartlett|Stuart Pankin", "id": 11425}