{"overview": "Jeffrey 'The Dude' Lebowski, a Los Angeles slacker who only wants to bowl and drink White Russians, is mistaken for another Jeffrey Lebowski, a wheelchair-bound millionaire, and finds himself dragged into a strange series of events involving nihilists, adult film producers, ferrets, errant toes, and large sums of money.", "popularity": 39.698, "original_title": "The Big Lebowski", "runtime": 117, "release_date": "1998-03-06", "vote_average": 7.84, "vote_count": 10466, "status": "Released", "tagline": "Times like these call for a Big Lebowski.", "spoken_languages": "en|he|es|de", "cast": "Jeff Bridges|John Goodman|Steve Buscemi|Julianne Moore|David Huddleston", "id": 115}