{"overview": "An alien intending to claim Earth for his people before their homeworld is destroyed by a comet decides not to eliminate humanity when he hears their music. Instead, he lives among them until another alien is sent to find and kill him.", "popularity": 4.31, "original_title": "The History of Future Folk", "runtime": 86, "release_date": "2012-06-15", "vote_average": 6.602, "vote_count": 49, "status": "Released", "tagline": "", "spoken_languages": "en", "cast": "Nils d'Aulaire|Jay Klaitz|Julie Ann Emery|April Lee Hernandez|Dee Snider", "id": 115199}