{"overview": "Dede is a sole parent trying to bring up her son Fred. When it is discovered that Fred is a genius, she is determined to ensure that Fred has all the opportunities that he needs, and that he is not taken advantage of by people who forget that his extremely powerful intellect is harboured in the body and emotions of a child.", "popularity": 11.955, "original_title": "Little Man Tate", "runtime": 99, "release_date": "1991-09-06", "vote_average": 6.512, "vote_count": 250, "status": "Released", "tagline": "It's not what he knows. It's what he understands.", "spoken_languages": "en|fr|hu", "cast": "Jodie Foster|Dianne Wiest|Adam Hann-Byrd|Harry Connick Jr.|David Hyde Pierce", "id": 11521}