{"overview": "Everyone abuses and humiliates a downtrodden orphan until he befriends an old man, who turns out to be the last master of the snake fist fighting style. Jackie becomes the old man's student and finds himself in battle with the master of the eagle's claw style, who has vowed to destroy the snake fist clan.", "popularity": 17.704, "original_title": "\u86c7\u5f62\u5201\u624b", "runtime": 98, "release_date": "1978-03-01", "vote_average": 7.262, "vote_count": 279, "status": "Released", "tagline": "", "spoken_languages": "cn", "cast": "Jackie Chan|Yuen Siu-Tien|Hwang Jang-Lee|Dean Shek|Roy Horan", "id": 11537}