{"overview": "A female attorney learns that her husband is really a marine officer awol for fifteen years and accused of murdering fifteen civilians in El Salvador. Believing her husband when he tells her that he's being framed as part of a U.S. Military cover-up, the attorney defends him in a military court.", "popularity": 14.719, "original_title": "High Crimes", "runtime": 115, "release_date": "2002-04-05", "vote_average": 6.331, "vote_count": 721, "status": "Released", "tagline": "Everything you trust. Everything you know. May be a lie...", "spoken_languages": "en|es", "cast": "Ashley Judd|Morgan Freeman|Jim Caviezel|Amanda Peet|Adam Scott", "id": 11560}