{"overview": "A group of strangers come across a man dying after a car crash who proceeds to tell them about the $350,000 he buried in California. What follows is the madcap adventures of those strangers as each attempts to claim the prize for himself.", "popularity": 20.263, "original_title": "It's a Mad, Mad, Mad, Mad World", "runtime": 197, "release_date": "1963-11-07", "vote_average": 6.977, "vote_count": 513, "status": "Released", "tagline": "The comedy event of the century, In glorious 70mm!", "spoken_languages": "en", "cast": "Spencer Tracy|Milton Berle|Sid Caesar|Buddy Hackett|Ethel Merman", "id": 11576}