{"overview": "Beautiful, funny, passionate, and calculating, Becky is the orphaned daughter of a starving English artist and a French chorus girl. She yearns for a more glamorous life than her birthright promises and resolves to conquer English society by any means possible. A mere ascension into the heights of society is simply not enough. So Becky finds a patron in the powerful Marquess of Steyne whose whims enable Becky to realise her dreams. But is the ultimate cost too high for her?", "popularity": 10.466, "original_title": "Vanity Fair", "runtime": 141, "release_date": "2004-09-01", "vote_average": 5.8, "vote_count": 319, "status": "Released", "tagline": "On September 1st, a heroine will rise.", "spoken_languages": "en|fr|de", "cast": "Reese Witherspoon|James Purefoy|Jonathan Rhys Meyers|Romola Garai|Gabriel Byrne", "id": 11632}