{"overview": "The world of Eternia in the aftermath of Skeletor's war on Castle Grayskull, which he has won after seizing Grayskull and the surrounding city using a cosmic key developed by the locksmith Gwildor. The Sorceress is now Skeletor's prisoner and he begins to drain her life-force as he waits for the moon of Eternia to align with the Great Eye of the Universe that will bestow god-like power upon him.", "popularity": 25.734, "original_title": "Masters of the Universe", "runtime": 106, "release_date": "1987-08-07", "vote_average": 5.666, "vote_count": 805, "status": "Released", "tagline": "A battle fought in the stars. Now... comes to Earth.", "spoken_languages": "en", "cast": "Dolph Lundgren|Frank Langella|Meg Foster|Billy Barty|Courteney Cox", "id": 11649}