{"overview": "When the identities of secret agents from Control are compromised, the Chief promotes hapless but eager analyst Maxwell Smart and teams him with stylish, capable Agent 99, the only spy whose cover remains intact. Can they work together to thwart the evil plans of KAOS and its crafty operative?", "popularity": 22.669, "original_title": "Get Smart", "runtime": 110, "release_date": "2008-06-19", "vote_average": 6.172, "vote_count": 3338, "status": "Released", "tagline": "Saving The World...And Loving It!", "spoken_languages": "en|ru", "cast": "Steve Carell|Anne Hathaway|Dwayne Johnson|Alan Arkin|Terence Stamp", "id": 11665}