{"overview": "Master Roshi has succeeded at the one mission he valued most: to train Goku and Krillin to become ultimate fighters. So, he arranges for them to test their mettle at a competition hosted by Emperor Chiaotzu. Not everyone's playing by the rules, however, as a member of the ruler's household schemes to use the Dragonballs to extort money and power from the royal.", "popularity": 20.59, "original_title": "\u30c9\u30e9\u30b4\u30f3\u30dc\u30fc\u30eb \u9b54\u8a36\u4e0d\u601d\u8b70\u5927\u5192\u967a", "runtime": 48, "release_date": "1988-07-09", "vote_average": 6.77, "vote_count": 217, "status": "Released", "tagline": "", "spoken_languages": "ja", "cast": "Masako Nozawa|Hiromi Tsuru|Mayumi Tanaka|K\u014dhei Miyauchi|Hirotaka Suzuoki", "id": 116776}