{"overview": "Famed swordsman and poet Cyrano de Bergerac is in love with his cousin Roxane. He has never expressed his love for her as he his large nose undermines his self-confidence. Then he finds a way to express his love to her, indirectly.", "popularity": 15.198, "original_title": "Cyrano de Bergerac", "runtime": 137, "release_date": "1990-03-28", "vote_average": 7.351, "vote_count": 697, "status": "Released", "tagline": "", "spoken_languages": "fr", "cast": "G\u00e9rard Depardieu|Anne Brochet|Vincent Perez|Jacques Weber|Roland Bertin", "id": 11673}