{"overview": "A story about a troubled boy growing up in England, set in 1983. He comes across a few skinheads on his way home from school, after a fight. They become his new best friends, even like family. Based on experiences of director Shane Meadows.", "popularity": 6.719, "original_title": "This Is England", "runtime": 101, "release_date": "2006-09-12", "vote_average": 7.48, "vote_count": 1136, "status": "Released", "tagline": "Run with the crowd, stand alone, you decide.", "spoken_languages": "en", "cast": "Thomas Turgoose|Stephen Graham|Jo Hartley|Andrew Shim|Vicky McClure", "id": 11798}