{"overview": "The Police Academy misfits travel to Miami Beach for Commandant Lassard to be honored with a prestigious lifetime award pending his retirement. Things take a turn when Lassard unknowingly ends up in possession of stolen diamonds from a jewel heist.", "popularity": 17.026, "original_title": "Police Academy 5: Assignment Miami Beach", "runtime": 90, "release_date": "1988-03-17", "vote_average": 5.157, "vote_count": 820, "status": "Released", "tagline": "Hold everything! The cadets are dropping in on Miami Beach for an all new adventure.", "spoken_languages": "en", "cast": "Bubba Smith|David Graf|Michael Winslow|Leslie Easterbrook|Marion Ramsey", "id": 11825}