{"overview": "A successful farmyard revolution by the resident animals vs. the farmer goes horribly wrong when corrupt pigs hijack it for their personal gain.  Based on the socialist George Orwell\u2019s novel \u201cAnimal Farm\u201d, a critique of Stalinist authoritarianism.", "popularity": 14.422, "original_title": "Animal Farm", "runtime": 72, "release_date": "1954-12-28", "vote_average": 6.9, "vote_count": 430, "status": "Released", "tagline": "He's got the world in an UPROAR!", "spoken_languages": "en", "cast": "Gordon Heath|Maurice Denham|Simon Cadell", "id": 11848}