{"overview": "A soldier from Earth crashlands on an alien world after sustaining battle damage. Eventually he encounters another survivor, but from the enemy species he was fighting; they band together to survive on this hostile world. In the end the human finds himself caring for his enemy in a completely unexpected way.", "popularity": 15.491, "original_title": "Enemy Mine", "runtime": 108, "release_date": "1985-12-12", "vote_average": 6.93, "vote_count": 880, "status": "Released", "tagline": "Enemies because they were taught to be. Survivors because they had to be.", "spoken_languages": "en", "cast": "Dennis Quaid|Louis Gossett Jr.|Brion James|Richard Marcus|Carolyn McCormick", "id": 11864}