{"overview": "Xixo is back again. This time, his children accidentally stow away on a fast-moving poachers' truck, unable to get off, and Xixo sets out to rescue them. Along the way, he encounters a couple of soldiers trying to capture each other and a pilot and passenger of a small plane, who are each having a few problems of their own.", "popularity": 20.367, "original_title": "The Gods Must Be Crazy II", "runtime": 98, "release_date": "1989-07-01", "vote_average": 6.992, "vote_count": 424, "status": "Released", "tagline": "This Time, Everybody's Going Crazier.", "spoken_languages": "en|af", "cast": "N!xau|Lena Farugia|Hans Strydom|Eiros|Nadies", "id": 11937}