{"overview": "Set in a timeless mythical forest inhabited by fairies, goblins, unicorns and mortals, this fantastic story follows a mystical forest dweller, chosen by fate, to undertake a heroic quest. He must save the beautiful Princess  Lili and defeat the demonic Lord of Darkness, or the world will be plunged into a never-ending ice age.", "popularity": 28.608, "original_title": "Legend", "runtime": 94, "release_date": "1985-08-28", "vote_average": 6.219, "vote_count": 1103, "status": "Released", "tagline": "There may never be another dawn.", "spoken_languages": "en|it", "cast": "Tom Cruise|Mia Sara|Tim Curry|David Bennent|Alice Playten", "id": 11976}