{"overview": "Trying to rescue her home planet from destruction, a gorgeous extraterrestrial named Celeste arrives on Earth and begins her scientific research. She woos quirky scientist Dr. Steve Mills, a widower with a young daughter. Before long, Celeste finds herself in love with Steve and her new life on Earth, where she experiences true intimacy for the first time. But when she loses sight of her mission, she begins to question where she belongs.", "popularity": 16.783, "original_title": "My Stepmother Is an Alien", "runtime": 108, "release_date": "1988-12-09", "vote_average": 5.696, "vote_count": 471, "status": "Released", "tagline": "Man's closest encounter.", "spoken_languages": "en", "cast": "Dan Aykroyd|Kim Basinger|Jon Lovitz|Alyson Hannigan|Joseph Maher", "id": 12120}