{"overview": "Born in America and raised in an Indian ashram, Pitka returns to his native land to seek his fortune as a spiritualist and self-help expert. His skills are put to the test when he must get a brokenhearted hockey player's marriage back on track in time for the man to help his team win the Stanley Cup.", "popularity": 15.036, "original_title": "The Love Guru", "runtime": 87, "release_date": "2008-06-20", "vote_average": 4.146, "vote_count": 661, "status": "Released", "tagline": "His Karma is Huge", "spoken_languages": "en", "cast": "Mike Myers|Jessica Alba|Justin Timberlake|Romany Malco|Meagan Good", "id": 12177}