{"overview": "After a painful breakup, Ben develops insomnia. To kill time, he starts working the late night shift at the local supermarket, where his artistic imagination runs wild.", "popularity": 24.834, "original_title": "Cashback", "runtime": 102, "release_date": "2007-01-17", "vote_average": 6.969, "vote_count": 1126, "status": "Released", "tagline": "Sometimes love is hiding between the seconds of your life.", "spoken_languages": "en|es", "cast": "Sean Biggerstaff|Emilia Fox|Shaun Evans|Michael Dixon|Michelle Ryan", "id": 12225}