{"overview": "Filmmakers expose the horrifying mass executions of accused communists in Indonesia and those who are celebrated in their country for perpetrating the crime.", "popularity": 11.424, "original_title": "Jagal", "runtime": 159, "release_date": "2012-11-01", "vote_average": 7.692, "vote_count": 621, "status": "Released", "tagline": "A story of killers who win, and the society they build.", "spoken_languages": "id", "cast": "Anwar Congo|Herman Koto|Syamsul Arifin|Ibrahim Sinik|Yapto Soerjosoemarno", "id": 123678}