{"overview": "A college graduate goes to work as a nanny for a rich New York family. Ensconced in their home, she has to juggle their dysfunction, a new romance, and the spoiled brat in her charge.", "popularity": 25.008, "original_title": "The Nanny Diaries", "runtime": 106, "release_date": "2007-08-24", "vote_average": 6.364, "vote_count": 1060, "status": "Released", "tagline": "A comedy about life at the top, as seen from the bottom.", "spoken_languages": "en", "cast": "Scarlett Johansson|Laura Linney|Alicia Keys|Chris Evans|Donna Murphy", "id": 12435}