{"overview": "The story of the early, murderous roots of the cannibalistic killer, Hannibal Lecter \u2013 from his hard-scrabble Lithuanian childhood, where he witnesses the repulsive lengths to which hungry soldiers will go to satiate themselves, through his sojourn in France, where as a med student he hones his appetite for the kill.", "popularity": 6.848, "original_title": "Hannibal Rising", "runtime": 121, "release_date": "2007-02-06", "vote_average": 6.241, "vote_count": 2042, "status": "Released", "tagline": "It started with revenge.", "spoken_languages": "de|en|ru", "cast": "Gaspard Ulliel|Aaran Thomas|Gong Li|Dominic West|Rhys Ifans", "id": 1248}