{"overview": "Set in 1979, following a young Communist man's relationship with a gay Catholic writer, exploring tolerance, inclusion, homophobia and challenging its Cuban audience with great humour. Based on the short story by Cuban writer Senel Paz.", "popularity": 4.885, "original_title": "Fresa y chocolate", "runtime": 108, "release_date": "1993-12-01", "vote_average": 7.101, "vote_count": 74, "status": "Released", "tagline": "Savor the flavor.", "spoken_languages": "es", "cast": "Jorge Perugorr\u00eda|Vladimir Cruz|Mirta Ibarra|Francisco Gattorno|Joel Angelino", "id": 12527}