{"overview": "Max is a former playboy who has decided to settle down by marrying his current love, Muriel. However, when Max catches a glimpse of the great lost love of his life, he becomes obsessed with rekindling their relationship.", "popularity": 20.185, "original_title": "L'Appartement", "runtime": 116, "release_date": "1996-07-27", "vote_average": 6.698, "vote_count": 189, "status": "Released", "tagline": "A place where passion and destiny meet.", "spoken_languages": "en|fr|ja", "cast": "Romane Bohringer|Vincent Cassel|Monica Bellucci|Jean-Philippe \u00c9coffey|Olivier Granier", "id": 12531}