{"overview": "Jimmy Neutron is a boy genius and way ahead of his friends, but when it comes to being cool, he's a little behind. All until one day when his parents, and parents all over Earth are kidnapped by aliens, it's up to him to lead all the children of the world to rescue their parents.", "popularity": 23.076, "original_title": "Jimmy Neutron: Boy Genius", "runtime": 83, "release_date": "2001-12-21", "vote_average": 5.975, "vote_count": 837, "status": "Released", "tagline": "He may be small, but he's got a big brain!", "spoken_languages": "en", "cast": "Debi Derryberry|Megan Cavanagh|Mark DeCarlo|Jeffrey Garcia|Patrick Stewart", "id": 12589}