{"overview": "After losing their spouses in a plane crash, an internal affairs cop and a congresswoman find each other's keys in each other's loved ones' possessions and discover that the two were having an affair.", "popularity": 14.747, "original_title": "Random Hearts", "runtime": 133, "release_date": "1999-10-08", "vote_average": 5.485, "vote_count": 336, "status": "Released", "tagline": "In a perfect world... they never would have met.", "spoken_languages": "en", "cast": "Harrison Ford|Kristin Scott Thomas|Charles S. Dutton|Bonnie Hunt|Dennis Haysbert", "id": 12618}