{"overview": "Dory is reunited with her friends Nemo and Marlin in the search for answers about her past. What can she remember? Who are her parents? And where did she learn to speak Whale?", "popularity": 38.654, "original_title": "Finding Dory", "runtime": 97, "release_date": "2016-06-16", "vote_average": 7.042, "vote_count": 11471, "status": "Released", "tagline": "An unforgettable journey she probably won't remember.", "spoken_languages": "en", "cast": "Albert Brooks|Ellen DeGeneres|Ed O'Neill|Hayden Rolence|Diane Keaton", "id": 127380}