{"overview": "A family moves from New York into an old mansion in the countryside, still filled with the previous owner's things. As they begin to make it their own, a series of events begin to occur that makes them believe that the former inhabitants are not yet gone.", "popularity": 15.983, "original_title": "Cold Creek Manor", "runtime": 118, "release_date": "2003-09-19", "vote_average": 5.4, "vote_count": 431, "status": "Released", "tagline": "The perfect house hides the perfect crime.", "spoken_languages": "en", "cast": "Dennis Quaid|Sharon Stone|Stephen Dorff|Juliette Lewis|Kristen Stewart", "id": 12767}