{"overview": "In the not too distant future a secret government re-animation chemo-virus gets released into conservative Sartre, Nebraska and lands in an underground strip club. As the virus begins to spread, turning the strippers into \"Super Zombie Strippers\" the girls struggle with whether or not to conform to the new \"fad\" even if it means there's no turning back.", "popularity": 20.015, "original_title": "Zombie Strippers!", "runtime": 94, "release_date": "2008-04-18", "vote_average": 4.711, "vote_count": 341, "status": "Released", "tagline": "Live Dead Nudes", "spoken_languages": "pl|en", "cast": "Jenna Jameson|Robert Englund|Roxy Saint|Penny Drake|Whitney Anderson", "id": 13009}