{"overview": "Good-natured teen surfer Mitchell Goosen finds himself staying with his aunt and uncle in Cincinnati, Ohio when his parents head to Australia for work. There he meets his cousin, Wiley, and together they try to navigate the perils of high school\u2014avoid the bullies, get the girl, and win a little respect.", "popularity": 8.497, "original_title": "Airborne", "runtime": 91, "release_date": "1993-09-17", "vote_average": 5.912, "vote_count": 68, "status": "Released", "tagline": "There are two kinds of people: those who get AIRBORNE...and those who don't.", "spoken_languages": "en", "cast": "Shane McDermott|Seth Green|Brittney Powell|Chris Conrad|Edie McClurg", "id": 13064}