{"overview": "Dawn is an active member of her high-school chastity club but, when she meets Tobey, nature takes its course, and the pair answer the call. They suddenly learn she is a living example of the vagina dentata myth, when the encounter takes a grisly turn.", "popularity": 18.303, "original_title": "Teeth", "runtime": 94, "release_date": "2008-01-18", "vote_average": 5.299, "vote_count": 675, "status": "Released", "tagline": "Every rose has its thorns.", "spoken_languages": "en", "cast": "Jess Weixler|John Hensley|Josh Pais|Hale Appleman|Lenny Von Dohlen", "id": 13121}