{"overview": "During his 18 years in Folsom Prison, street-gang leader Santana rules over all the drug-and-murder activities behind bars. Upon his release, Santana goes back to his old neighborhood, intending to lead a peaceful, crime-free life. But his old gang buddies force him back into his old habits.", "popularity": 17.694, "original_title": "American Me", "runtime": 125, "release_date": "1992-03-13", "vote_average": 7.378, "vote_count": 324, "status": "Released", "tagline": "In prison they are the law. On the streets they are the power.", "spoken_languages": "en|es", "cast": "Edward James Olmos|William Forsythe|Pepe Serna|Panchito G\u00f3mez|Steve Wilcox", "id": 13199}