{"overview": "Bitter and hateful, the Grinch is irritated at the thought of a nearby village having a happy time celebrating Christmas. Disguised as Santa Claus, with his dog made to look like a reindeer, he decides to raid the village to steal all the Christmas things.", "popularity": 31.142, "original_title": "How the Grinch Stole Christmas!", "runtime": 26, "release_date": "1966-12-18", "vote_average": 7.493, "vote_count": 896, "status": "Released", "tagline": "You're a mean one, Mr. Grinch", "spoken_languages": "en", "cast": "Boris Karloff|June Foray|Thurl Ravenscroft|Dal McKennon", "id": 13377}