{"overview": "On Christmas Eve, three homeless people living on the streets of Tokyo discover a newborn baby among the trash and set out to find its parents.", "popularity": 21.095, "original_title": "\u6771\u4eac\u30b4\u30c3\u30c9\u30d5\u30a1\u30fc\u30b6\u30fc\u30ba", "runtime": 93, "release_date": "2003-12-29", "vote_average": 7.895, "vote_count": 1076, "status": "Released", "tagline": "Meet the ultimate dysfunctional family.", "spoken_languages": "en|ja|es", "cast": "Aya Okamoto|Yoshiaki Umegaki|Tohru Emori|Satomi Korogi|Mamiko Noto", "id": 13398}