{"overview": "Jacques Mesrine, a loyal son and dedicated soldier, is back home and living with his parents after serving in the Algerian War. Soon he is seduced by the neon glamour of sixties Paris and the easy money it presents. Mentored by Guido, Mesrine turns his back on middle class law-abiding and soon moves swiftly up the criminal ladder.", "popularity": 15.961, "original_title": "L'Instinct de mort", "runtime": 113, "release_date": "2008-10-22", "vote_average": 7.361, "vote_count": 854, "status": "Released", "tagline": "", "spoken_languages": "fr|es|ar|en", "cast": "Vincent Cassel|C\u00e9cile de France|G\u00e9rard Depardieu|Gilles Lellouche|Roy Dupuis", "id": 13635}