{"overview": "Aging pals Billy, Paddy, Archie, and Sam have been best friends since childhood. When Billy finally proposes to his much-younger girlfriend, all four friends go to Las Vegas to celebrate the end of Billy's longtime bachelorhood and relive their glory days. However, the four quickly realize that the intervening decades have changed Sin City and tested their friendship in ways they had not imagined.", "popularity": 18.618, "original_title": "Last Vegas", "runtime": 105, "release_date": "2013-10-31", "vote_average": 6.403, "vote_count": 2009, "status": "Released", "tagline": "It's going to be legendary", "spoken_languages": "en", "cast": "Robert De Niro|Morgan Freeman|Michael Douglas|Kevin Kline|Mary Steenburgen", "id": 137093}