{"overview": "Andie Bergstrom, an astronaut eagerly awaiting her first trip to space, runs a summer camp for teenagers with her NASA-employed husband, Zach. One night during an engine test, Andie and four teenage campers are accidentally shot into space. Together, the group -- which includes Kathryn, a pilot-in-training, and Tish, a ditz with a perfect memory -- must work together to operate the spacecraft and return home.", "popularity": 13.184, "original_title": "SpaceCamp", "runtime": 107, "release_date": "1986-06-06", "vote_average": 5.879, "vote_count": 165, "status": "Released", "tagline": "The stars belong to a new generation.", "spoken_languages": "en", "cast": "Kate Capshaw|Lea Thompson|Kelly Preston|Larry B. Scott|Joaquin Phoenix", "id": 13766}