{"overview": "Determined to have a normal family life once his mother gets out of prison, a Scottish teenager from a tough background sets out to raise the money for a home.", "popularity": 8.799, "original_title": "Sweet Sixteen", "runtime": 106, "release_date": "2002-09-07", "vote_average": 7.0, "vote_count": 200, "status": "Released", "tagline": "Life... it's about to hit the fan!", "spoken_languages": "en", "cast": "Martin Compston|Annmarie Fulton|William Ruane|Michelle Abercromby|Michelle Coulter", "id": 1376}