{"overview": "Rachel is a food writer at a New York magazine who meets Washington columnist Mark at a wedding and ends up falling in love with him despite her reservations about marriage. They buy a house, have a daughter, and Rachel thinks they are living happily ever after until she discovers that Mark is having an affair while she is waddling around with a second pregnancy.", "popularity": 10.331, "original_title": "Heartburn", "runtime": 108, "release_date": "1986-07-25", "vote_average": 6.0, "vote_count": 174, "status": "Released", "tagline": "Sex. Love. Marriage. Some people don't know when to quit.", "spoken_languages": "en|it", "cast": "Meryl Streep|Jack Nicholson|Jeff Daniels|Maureen Stapleton|Stockard Channing", "id": 13818}