{"overview": "One by one, a flock of small birds perches on a telephone wire. Sitting close together has problems enough, and then comes along a large dopey bird that tries to join them. The birds of a feather can't help but make fun of him - and their clique mentality proves embarrassing in the end.", "popularity": 11.214, "original_title": "For the Birds", "runtime": 3, "release_date": "2000-11-02", "vote_average": 7.474, "vote_count": 1116, "status": "Released", "tagline": "", "spoken_languages": "xx", "cast": "Ralph Eggleston", "id": 13930}