{"overview": "Beatrix Potter, the author of the beloved children's book \"The Tale of Peter Rabbit\", struggles for love, happiness and success.", "popularity": 9.983, "original_title": "Miss Potter", "runtime": 92, "release_date": "2006-12-03", "vote_average": 6.578, "vote_count": 457, "status": "Released", "tagline": "The life of Beatrix Potter is the most enchanting tale of all.", "spoken_languages": "en", "cast": "Ren\u00e9e Zellweger|Ewan McGregor|Emily Watson|Barbara Flynn|Bill Paterson", "id": 13967}