{"overview": "Fuelled by his restored faith in humanity and inspired by Superman's selfless act, Bruce Wayne and Diana Prince assemble a team of metahumans consisting of Barry Allen, Arthur Curry and Victor Stone to face the catastrophic threat of Steppenwolf and the Parademons who are on the hunt for three Mother Boxes on Earth.", "popularity": 64.862, "original_title": "Justice League", "runtime": 120, "release_date": "2017-11-15", "vote_average": 6.096, "vote_count": 12313, "status": "Released", "tagline": "Justice for all.", "spoken_languages": "en", "cast": "Ben Affleck|Henry Cavill|Amy Adams|Gal Gadot|Ezra Miller", "id": 141052}