{"overview": "Rodeo cowboy Jack and ranch hand Ennis are hired as sheepherders in 1963 Wyoming. One night on Brokeback Mountain, they spark a physical relationship. Though Ennis marries his longtime sweetheart and Jack marries a fellow rodeo rider, they keep up their tortured, sporadic love affair for 20 years.", "popularity": 34.378, "original_title": "Brokeback Mountain", "runtime": 134, "release_date": "2005-09-10", "vote_average": 7.801, "vote_count": 6468, "status": "Released", "tagline": "Love is a force of nature", "spoken_languages": "en", "cast": "Heath Ledger|Jake Gyllenhaal|Michelle Williams|Anne Hathaway|Randy Quaid", "id": 142}