{"overview": "Determined to find out the true effects of marijuana on the human body, stand-up comedian and former Stoner of the Year Doug Benson documents his experience avoiding pot for 30 days and then consuming massive amounts of the drug for 30 days. More than just an amusing story of one man's quest to get superhigh, this documentary also examines the hotly contested debate over medical marijuana use.", "popularity": 8.019, "original_title": "Super High Me", "runtime": 89, "release_date": "2007-10-13", "vote_average": 5.735, "vote_count": 153, "status": "Released", "tagline": "", "spoken_languages": "en", "cast": "Doug Benson|Sarah Silverman|Patton Oswalt|Jeff Ross|Gary Cohan", "id": 14236}