{"overview": "Two teenagers, both newcomers to London, forge an unlikely friendship over the course of a hot summer. Tomo (Thomas Turgoose) is a runaway from Nottingham; Marek (Piotr Jagiello) lives in the district of Somers Town, between King's Cross and Euston stations, where his dad is working on a new rail link.", "popularity": 7.109, "original_title": "Somers Town", "runtime": 71, "release_date": "2008-08-22", "vote_average": 6.753, "vote_count": 79, "status": "Released", "tagline": "", "spoken_languages": "en", "cast": "Thomas Turgoose|Piotr Jagiello|Elisa Lasowski|Kate Dickie|Perry Benson", "id": 14298}