{"overview": "Filmmaker Jonathan Caouette's documentary on growing up with his schizophrenic mother -- a mixture of snapshots, Super-8, answering machine messages, video diaries, early short films, and more -- culled from 19 years of his life.", "popularity": 6.498, "original_title": "Tarnation", "runtime": 91, "release_date": "2003-10-19", "vote_average": 6.884, "vote_count": 73, "status": "Released", "tagline": "Your greatest creation is the life you lead", "spoken_languages": "en", "cast": "Renee Leblanc|Adolph Davis|Jonathan Caouette|Rosemary Davis|David Sanin Paz", "id": 1435}