{"overview": "Mexico, 1949. The fable of a janitor turned Mayor on a little town lost in the Mexican desert, who gradually realizes how far his new acquainted power and corruption can get him.", "popularity": 9.599, "original_title": "La ley de Herodes", "runtime": 123, "release_date": "1999-11-09", "vote_average": 7.939, "vote_count": 157, "status": "Released", "tagline": "Why don't they want you to see it?", "spoken_languages": "es", "cast": "Dami\u00e1n Alc\u00e1zar|Pedro Armend\u00e1riz Jr.|Delia Casanova|Juan Carlos Colombo|Isela Vega", "id": 14430}