{"overview": "A man and woman are drawn together, entangled in the lifecycle of an ageless organism. Identity becomes an illusion as they struggle to assemble the loose fragments of wrecked lives.", "popularity": 8.854, "original_title": "Upstream Color", "runtime": 96, "release_date": "2013-04-05", "vote_average": 6.371, "vote_count": 673, "status": "Released", "tagline": "You can force your story's shape, but the color will always bloom upstream.", "spoken_languages": "en", "cast": "Amy Seimetz|Shane Carruth|Andrew Sensenig|Thiago Martins|Carolyn King", "id": 145197}