{"overview": "Inside the Blue Note nightclub one night in 1959 Paris, an aged, ailing jazzman coaxes an eloquent wail from his tenor sax. Outside, a young Parisian too broke to buy a glass of wine strains to hear those notes. Soon they will form a friendship that sparks a final burst of genius.", "popularity": 9.892, "original_title": "'Round Midnight", "runtime": 133, "release_date": "1986-01-09", "vote_average": 7.1, "vote_count": 81, "status": "Released", "tagline": "The music and the magic come together...", "spoken_languages": "en|fr", "cast": "Dexter Gordon|Fran\u00e7ois Cluzet|Gabrielle Haker|Christine Pascal|Pierre Trabaud", "id": 14670}