{"overview": "Filmmaker Nicky offers to track down the son that Mamie gave up for adoption nearly two decades before. Meanwhile, Mamie's stepbrother (and the father of her child), Charley, along with his boyfriend, Gil, try to find out what became of the sperm Gil donated to a lesbian couple. Finally, singer Jude becomes entangled in a love triangle with androgynous drummer Otis and his conservative father.", "popularity": 10.872, "original_title": "Happy Endings", "runtime": 128, "release_date": "2005-01-20", "vote_average": 5.7, "vote_count": 94, "status": "Released", "tagline": "All's well that ends swell.", "spoken_languages": "en", "cast": "Lisa Kudrow|Steve Coogan|Jesse Bradford|Bobby Cannavale|Maggie Gyllenhaal", "id": 14922}