{"overview": "Follows the fate of Lyle, a violent adolescent who, in lieu of prison, is placed in a juvenile mental institution where he encounters a group of equally troubled teens. This motley crew - abused, sexually confused, violent, and yet hanging on by their grit and anger - becomes Lyle's last lifeline as he fights to find meaning in a world that seems to defy understanding.", "popularity": 5.55, "original_title": "Manic", "runtime": 100, "release_date": "2001-01-27", "vote_average": 6.8, "vote_count": 89, "status": "Released", "tagline": "You can't escape yourself.", "spoken_languages": "en", "cast": "Joseph Gordon-Levitt|Don Cheadle|Zooey Deschanel|Michael Bacall|Elden Henson", "id": 15098}