{"overview": "Get ready as Bob the Tomato, Larry the Cucumber and the rest of the Veggies set sail on a whale of an adventure in Big Idea's first full-length, 3-D animated feature film. This is the story of Jonah and the Whale as you've never seen it before - a story where we learn that one of the best gifts you can give - or get - is a second chance.", "popularity": 7.742, "original_title": "Jonah: A VeggieTales Movie", "runtime": 82, "release_date": "2002-10-04", "vote_average": 6.216, "vote_count": 97, "status": "Released", "tagline": "Fresh Fish. Mixed Vegetables.", "spoken_languages": "cs|pt|en", "cast": "Phil Vischer|Mike Nawrocki|Tim Hodge|Lisa Vischer|Daniel Anderson", "id": 15173}