{"overview": "It is the 23rd century. The Federation Starship U.S.S. Enterprise is on routine training maneuvers and Admiral James T. Kirk seems resigned to the fact that this inspection may well be the last space mission of his career. But Khan is back. Aided by his exiled band of genetic supermen, Khan - brilliant renegade of 20th century Earth - has raided Space Station Regula One, stolen a top secret device called Project Genesis, wrested control of another Federation Starship and sets out in pursuit of the Enterprise, determined to let nothing stand in the way of his mission: kill Admiral Kirk... even if it means universal Armageddon.", "popularity": 21.589, "original_title": "Star Trek II: The Wrath of Khan", "runtime": 113, "release_date": "1982-06-04", "vote_average": 7.5, "vote_count": 1749, "status": "Released", "tagline": "At the end of the universe lies the beginning of vengeance.", "spoken_languages": "en", "cast": "William Shatner|Leonard Nimoy|DeForest Kelley|Ricardo Montalban|James Doohan", "id": 154}