{"overview": "When an entire town in upstate New York is closed down by an unexpected snowfall, a \"snow day\" begins when a group of elementary school kids, led by Natalie Brandston, try to ensure that the schools stay closed by stopping a mechanical snowplow driver by trying to hijack his plow truck. Meanwhile, Natalie's big brother Hal is using this day to try to win the affections of Claire Bonner, the most popular girl in his high school, while Hal and Natalie's father Tom, a TV meteorologist, faces off against a rival meteorologist for weather coverage of the day's events.", "popularity": 10.732, "original_title": "Snow Day", "runtime": 89, "release_date": "2000-02-11", "vote_average": 5.1, "vote_count": 188, "status": "Released", "tagline": "Roads closed. Schools shut. Rules were made to be frozen!", "spoken_languages": "en", "cast": "Mark Webber|Schuyler Fisk|Zena Grey|Chris Elliott|Chevy Chase", "id": 15489}