{"overview": "When he finds out his boss is retiring to Arizona, a sailor, Ross Carpenter, has to find a way to buy the Westwind, a boat that he and his father built. He is also caught between two women: insensitive club singer Robin and sweet Laurel.", "popularity": 6.424, "original_title": "Girls! Girls! Girls!", "runtime": 99, "release_date": "1962-11-21", "vote_average": 5.2, "vote_count": 57, "status": "Released", "tagline": "The Swingin'-est Elvis! + Girls (Girls, Girls) + Songs (lots of them). Who could ask for anything more?", "spoken_languages": "en", "cast": "Elvis Presley|Stella Stevens|Jeremy Slate|Laurel Goodwin|Benson Fong", "id": 15734}