{"overview": "Marty, a butcher who lives in the Bronx with his mother is unmarried at 34. Good-natured but socially awkward he faces constant badgering from family and friends to get married but has reluctantly resigned himself to bachelorhood. Marty meets Clara, an unattractive school teacher, realising their emotional connection, he promises to call but family and friends try to convince him not to.", "popularity": 10.97, "original_title": "Marty", "runtime": 90, "release_date": "1955-04-11", "vote_average": 7.457, "vote_count": 339, "status": "Released", "tagline": "It's the love story of an unsung hero!", "spoken_languages": "en", "cast": "Ernest Borgnine|Betsy Blair|Esther Minciotti|Augusta Ciolli|Joe Mantell", "id": 15919}