{"overview": "In the seventies Strange Fruit were it. They lived the rock lifestyle to the max, groupies, drugs, internal tension and an ex front man dead from an overdose. Even their demise was glamorous; when lightning struck the stage during an outdoor festival. 20 years on and these former rock gods they have now sunk deep into obscurity when the idea of a reunion tour is lodged in the head of Tony, former keyboard player of the Fruits. Tony sets out to find his former bandmates with the help of former manager Karen to see if they can recapture the magic and give themselves a second chance.", "popularity": 11.394, "original_title": "Still Crazy", "runtime": 92, "release_date": "1998-10-30", "vote_average": 6.7, "vote_count": 96, "status": "Released", "tagline": "They were \"Strange Fruit\". Some called them the greatest rock band of the '70s. They haven't played together for 20 years. No wonder they're worried about their performance.", "spoken_languages": "de|hu|en", "cast": "Stephen Rea|Billy Connolly|Jimmy Nail|Timothy Spall|Bill Nighy", "id": 1618}