{"overview": "When maladjusted orphan Jesse vandalizes a theme park, he is placed with foster parents and must work at the park to make amends. There he meets Willy, a young Orca whale who has been separated from his family. Sensing kinship, they form a bond and, with the help of kindly whale trainer Rae Lindley, develop a routine of tricks. However, greedy park owner Dial soon catches wind of the duo and makes plans to profit from them.", "popularity": 22.038, "original_title": "Free Willy", "runtime": 112, "release_date": "1993-07-16", "vote_average": 6.173, "vote_count": 1685, "status": "Released", "tagline": "How far would you go for a friend?", "spoken_languages": "en", "cast": "Jason James Richter|Keiko|Lori Petty|August Schellenberg|Michael Madsen", "id": 1634}