{"overview": "A black comedy that follows three generations of a family, who come together for the funeral of the patriarch - unveiling a litany of family secrets and covert relationships.", "popularity": 7.878, "original_title": "Eulogy", "runtime": 91, "release_date": "2004-10-15", "vote_average": 6.571, "vote_count": 114, "status": "Released", "tagline": "A comedy that puts the *fun* back in funeral.", "spoken_languages": "en", "cast": "Hank Azaria|Jesse Bradford|Zooey Deschanel|Glenne Headly|Famke Janssen", "id": 16358}