{"overview": "The dreaded Doc Snyder returns home after 30 years. After his long ride through the prairies of the wild west, his laundry is extremely dirty, and who could wash it better than his unshaven mommy? But first she sends him to the prison, from which he is to free his brother Hank, because otherwise he will be hanged. When that's done, they both spontaneously decide to rob a bank, which goes completely wrong. Before Doc Snyder's eyes, his beloved brother is shot by his intimate enemy, the Nose Man. Snyder initially manages to escape, but the Nose Man takes up the pursuit, and from then on many innocent people have to die - including Snyder's mother...", "popularity": 3.127, "original_title": "Texas - Doc Snyder h\u00e4lt die Welt in Atem", "runtime": 86, "release_date": "1993-11-11", "vote_average": 6.113, "vote_count": 40, "status": "Released", "tagline": "", "spoken_languages": "de", "cast": "Helge Schneider|Peter Berling|Andreas Kunze|Peter Thoms|Werner Abrolat", "id": 1659}