{"overview": "A committed film director struggles to complete his movie while coping with a myriad of crises, personal and professional, among the cast and crew.", "popularity": 13.6, "original_title": "La Nuit am\u00e9ricaine", "runtime": 116, "release_date": "1973-05-24", "vote_average": 7.843, "vote_count": 554, "status": "Released", "tagline": "A movie for people who love movies.", "spoken_languages": "en|fr", "cast": "Jacqueline Bisset|Jean-Pierre L\u00e9aud|Fran\u00e7ois Truffaut|Jean-Pierre Aumont|Valentina Cortese", "id": 1675}