{"overview": "J.B. (Lars Bom) - an ultra-talented Webmaster of an illicit cyber-domain known for massive amounts of illegal money transfers is captured and is put under suspicion by the cyber-domain boss named Stoiss (J\u00f8rgen Kiil) when an intruder hacks into the system and steals the Stoiss\u2019s money. Stoiss sticks a heart controller device on J.B. and gives him 35 hours to find who took his money or he dies.", "popularity": 1.18, "original_title": "Skyggen", "runtime": 97, "release_date": "1998-08-28", "vote_average": 4.9, "vote_count": 19, "status": "Released", "tagline": "", "spoken_languages": "da|de", "cast": "Lars Bom|Puk Scharbau|J\u00f8rgen Kiil|Karin R\u00f8rbeck|Mads Parsum", "id": 16909}