{"overview": "Joe and Paul Fabrini are Wildcat, or independent, truck drivers who have their own small one-truck business. The Fabrini boys constantly battle distributors, rivals and loan collectors, while trying to make a success of their transport company.", "popularity": 10.314, "original_title": "They Drive by Night", "runtime": 95, "release_date": "1940-07-26", "vote_average": 6.8, "vote_count": 97, "status": "Released", "tagline": "No picture in 1940 will have bigger thrills!", "spoken_languages": "en", "cast": "George Raft|Ann Sheridan|Ida Lupino|Humphrey Bogart|Gale Page", "id": 16933}