{"overview": "Rabbi Avram arrives in Philadelphia from Poland en route to San Francisco where he will be a congregation's new rabbi. An innocent and inexperienced traveller, he is tricked by con men to pay for the trip to go west, then they leave him and his belongings scattered along a deserted road. He is befriended by a stranger, Tommy, who is a bank robber and have many adventures during their journey.", "popularity": 9.201, "original_title": "The Frisco Kid", "runtime": 119, "release_date": "1979-07-06", "vote_average": 6.1, "vote_count": 131, "status": "Released", "tagline": "This kosher cowboy hasn't got a prayer -- but plenty of laughs.", "spoken_languages": "yi|en", "cast": "Gene Wilder|Harrison Ford|Ramon Bieri|Val Bisoglio|George DiCenzo", "id": 16972}