{"overview": "In order to wipe out the Gaulish village by any means necessary, Caesar plans to absorb the villagers into Roman culture by having an estate built next to the village to start a new Roman colony.", "popularity": 14.051, "original_title": "Ast\u00e9rix: Le domaine des dieux", "runtime": 85, "release_date": "2014-11-26", "vote_average": 6.785, "vote_count": 1254, "status": "Released", "tagline": "", "spoken_languages": "fr", "cast": "Roger Carel|Alexandre Astier|Lionnel Astier|Serge Papagalli|Fran\u00e7ois Morel", "id": 170522}