{"overview": "After earth is taken over by an army of robots, the small number of humans left are forced into hiding. In the nuclear winter, only droids walk the face of the earth, in fear of the rumored human resurgence, and in search of a hidden cache of weapons. One robot, his evil circuits destroyed, enters a small town where a robot civil war is taking place.", "popularity": 5.284, "original_title": "Omega Doom", "runtime": 84, "release_date": "1996-10-21", "vote_average": 4.592, "vote_count": 52, "status": "Released", "tagline": "Robots rule the Earth. Only one man can stop them.", "spoken_languages": "en", "cast": "Rutger Hauer|Shannon Whirry|Norbert Weisser|Tina Cote|Anna Katarina", "id": 17135}