{"overview": "A young wannabe musician discovers he has bitten off more than he can chew when he joins an eccentric pop band led by the mysterious and enigmatic Frank.", "popularity": 9.601, "original_title": "Frank", "runtime": 95, "release_date": "2014-05-09", "vote_average": 6.874, "vote_count": 1517, "status": "Released", "tagline": "When you think you've gone far enough, go farther.", "spoken_languages": "en", "cast": "Domhnall Gleeson|Maggie Gyllenhaal|Scoot McNairy|Michael Fassbender|Fran\u00e7ois Civil", "id": 171372}