{"overview": "Royal Canadian Mountie Dudley Do-right is busy keeping the peace in his small mountain town when his old rival, Snidely Whiplash, comes up with a plot to buy all the property in town, then start a phony gold rush by seeding the river with gold nuggets.", "popularity": 9.404, "original_title": "Dudley Do-Right", "runtime": 77, "release_date": "1999-08-27", "vote_average": 4.0, "vote_count": 164, "status": "Released", "tagline": "From the creator of 'George of the Jungle' comes a new kind of hero.", "spoken_languages": "en", "cast": "Brendan Fraser|Sarah Jessica Parker|Alfred Molina|Eric Idle|Robert Prosky", "id": 17709}