{"overview": "During World War II, Steve Rogers is a sickly man from Brooklyn who's transformed into super-soldier Captain America to aid in the war effort. Rogers must stop the Red Skull \u2013 Adolf Hitler's ruthless head of weaponry, and the leader of an organization that intends to use a mysterious device of untold powers for world domination.", "popularity": 45.639, "original_title": "Captain America: The First Avenger", "runtime": 124, "release_date": "2011-07-22", "vote_average": 6.995, "vote_count": 20362, "status": "Released", "tagline": "When patriots become heroes", "spoken_languages": "fr|no|en", "cast": "Chris Evans|Tommy Lee Jones|Hugo Weaving|Hayley Atwell|Sebastian Stan", "id": 1771}