{"overview": "Blown Away tells the story of Jimmy Dove who works for the Boston bomb squad. Shortly after Dove leaves the force his partner is killed by a bomb that Dove thinks might have been made by someone he knows.", "popularity": 19.228, "original_title": "Blown Away", "runtime": 121, "release_date": "1994-07-01", "vote_average": 6.187, "vote_count": 485, "status": "Released", "tagline": "5. 4. 3. 2. 1......Time's Up.", "spoken_languages": "ga|en", "cast": "Jeff Bridges|Tommy Lee Jones|Suzy Amis|Lloyd Bridges|Forest Whitaker", "id": 178}