{"overview": "A shy boy is unable to make friends in Yazoo City, Mississippi in 1942, until his parents give him a terrier puppy for his ninth birthday. The dog, which he names Skip, becomes well known and loved throughout the community and enriches the life of the boy, Willie, as he grows into manhood. Based on the best-selling Mississippi memoir by the late Willie Morris.", "popularity": 9.154, "original_title": "My Dog Skip", "runtime": 95, "release_date": "2000-01-12", "vote_average": 6.757, "vote_count": 257, "status": "Released", "tagline": "Every family needs an optimist.", "spoken_languages": "en", "cast": "Frankie Muniz|Diane Lane|Caitlin Wachs|Kevin Bacon|Luke Wilson", "id": 17908}