{"overview": "Jep Gambardella has seduced his way through the lavish nightlife of Rome for decades, but after his 65th birthday and a shock from the past, Jep looks past the nightclubs and parties to find a timeless landscape of absurd, exquisite beauty.", "popularity": 14.499, "original_title": "La grande bellezza", "runtime": 142, "release_date": "2013-05-21", "vote_average": 7.509, "vote_count": 2917, "status": "Released", "tagline": "", "spoken_languages": "it|ja|es|zh", "cast": "Toni Servillo|Carlo Verdone|Sabrina Ferilli|Carlo Buccirosso|Iaia Forte", "id": 179144}