{"overview": "Fast-talking Latino con artist Pestario \"Pest\" Vargas is the target of Scottish mobsters to whom he owes a considerable debt. Willing to do anything to raise money and avoid severe injury or death, Vargas agrees to a very unusual job -- he will be transported to a remote island and hunted by Gustav Shank, a racist German executive. If he can survive a full day and night, Vargas gets $50,000 and will be set free. Is he wily enough to elude Shank?", "popularity": 9.247, "original_title": "The Pest", "runtime": 82, "release_date": "1997-02-07", "vote_average": 4.668, "vote_count": 125, "status": "Released", "tagline": "What kind of freakazoid would let someone hunt him just for $50.000\u2026 Next question.", "spoken_languages": "en", "cast": "John Leguizamo|Jeffrey Jones|Edoardo Ballerini|Freddy Rodr\u00edguez|Tammy Townsend", "id": 17949}