{"overview": "Two con artists try to swindle a stamp collector by selling him a sheet of counterfeit rare stamps (the \"nine queens\").", "popularity": 11.119, "original_title": "Nueve reinas", "runtime": 114, "release_date": "2000-08-31", "vote_average": 7.764, "vote_count": 632, "status": "Released", "tagline": "If you think you've got it figured out... you've been conned.", "spoken_languages": "es", "cast": "Ricardo Dar\u00edn|Gast\u00f3n Pauls|Leticia Br\u00e9dice|Gabo Correa|Pochi Ducasse", "id": 18079}