{"overview": "Care-free Charlie cons his widower brother-in-law Herb into an expenses-paid luxury cruise in search of rich, lonely ladies. The catch is that they are required to be dance hosts! With a tyrannical cruise director, and the luscious Liz and lovely Vivian, our heroes have lots of mis-adventures before they finally return to port.", "popularity": 11.223, "original_title": "Out to Sea", "runtime": 106, "release_date": "1997-07-02", "vote_average": 5.651, "vote_count": 86, "status": "Released", "tagline": "Get ready to Rumba!", "spoken_languages": "en", "cast": "Jack Lemmon|Walter Matthau|Dyan Cannon|Brent Spiner|Gloria DeHaven", "id": 18080}