{"overview": "In the waning months of World War II, a man and his wife are mistakenly identified as Jews by their anti-Semitic Brooklyn neighbors. Suddenly the victims of religious and racial persecution, they find themselves aligned with a local Jewish immigrant in a struggle for dignity and survival.", "popularity": 3.649, "original_title": "Focus", "runtime": 106, "release_date": "2001-10-19", "vote_average": 6.409, "vote_count": 22, "status": "Released", "tagline": "Everything Is About To Become Very Clear", "spoken_languages": "en", "cast": "William H. Macy|Laura Dern|David Paymer|Meat Loaf|Kay Hawtrey", "id": 18192}