{"overview": "After standing in as best man for his longtime friend Carl Petersen, Randy Dupree loses his job, becomes a barfly and attaches himself to the newlywed couple almost permanently -- as their houseguest. But the longer Dupree camps out on their couch, the closer he gets to Carl's bride, Molly, leaving the frustrated groom wondering when his pal will be moving out.", "popularity": 10.892, "original_title": "You, Me and Dupree", "runtime": 108, "release_date": "2006-07-13", "vote_average": 5.587, "vote_count": 1253, "status": "Released", "tagline": "Two's company. Dupree's a crowd.", "spoken_languages": "en", "cast": "Owen Wilson|Kate Hudson|Matt Dillon|Michael Douglas|Seth Rogen", "id": 1819}