{"overview": "A top surgeon is besotted with a beautiful woman who once rebuffed him. Unable to come to terms with life without her, he tries to convince her that they need each other. She has other ideas, but a horrific accident leaves her at his mercy.", "popularity": 15.926, "original_title": "Boxing Helena", "runtime": 107, "release_date": "1993-03-22", "vote_average": 5.165, "vote_count": 206, "status": "Released", "tagline": "Beyond love, beyond obsession, there hides something beyond reason.", "spoken_languages": "en", "cast": "Julian Sands|Sherilyn Fenn|Bill Paxton|Art Garfunkel|Betsy Clark", "id": 18215}