{"overview": "An account of the revolutionary years of the legendary American journalist John Reed, who shared his adventurous professional life with his radical commitment to the socialist revolution in Russia, his dream of spreading its principles among the members of the American working class, and his troubled romantic relationship with the writer Louise Bryant.", "popularity": 12.419, "original_title": "Reds", "runtime": 195, "release_date": "1981-12-25", "vote_average": 6.9, "vote_count": 294, "status": "Released", "tagline": "Not since Gone with the Wind has there been a great romantic epic like it!", "spoken_languages": "en|fi|fr|de|it|ru", "cast": "Warren Beatty|Diane Keaton|Edward Herrmann|Jerzy Kosi\u0144ski|Jack Nicholson", "id": 18254}