{"overview": "When a violin prodigy Xiaochun and his father head to Beijing seeking fame and fortune, they soon discover a fierce world of cutthroat ambition. But when Xiaochun is \"adopted\" by a famous music tutor, success finally seems within reach - until a shocking discovery begins to unravel his entire world, and the boy must make the most difficult choice of his life. Can he achieve the fame his father had always hoped for without losing the extraordinary passion that sets him apart?", "popularity": 5.874, "original_title": "\u548c\u4f60\u5728\u4e00\u8d77", "runtime": 116, "release_date": "2002-09-10", "vote_average": 7.108, "vote_count": 51, "status": "Released", "tagline": "Some lessons can only be learned by heart.", "spoken_languages": "zh", "cast": "Yun Tang|Chen Hong|Liu Peiqi|Cheng Qian|Chen Kaige", "id": 18385}