{"overview": "After being shipwrecked, the Robinson family is marooned on an island inhabited only by an impressive array of wildlife. In true pioneer spirit, they quickly make themselves at home but soon face a danger even greater than nature: dastardly pirates. A rousing adventure suitable for the whole family, this Disney adaptation of the classic Johann Wyss novel stars Dorothy McGuire and John Mills as Mother and Father Robinson.", "popularity": 18.296, "original_title": "Swiss Family Robinson", "runtime": 126, "release_date": "1960-12-21", "vote_average": 6.9, "vote_count": 281, "status": "Released", "tagline": "THE ADVENTURE OF ADVENTURES!", "spoken_languages": "en|it", "cast": "John Mills|Dorothy McGuire|James MacArthur|Janet Munro|Sessue Hayakawa", "id": 18444}