{"overview": "Armed men hijack a New York City subway train, holding the passengers hostage in return for a ransom, and turning an ordinary day's work for dispatcher Walter Garber into a face-off with the mastermind behind the crime.", "popularity": 19.781, "original_title": "The Taking of Pelham 1 2 3", "runtime": 106, "release_date": "2009-06-10", "vote_average": 6.34, "vote_count": 2899, "status": "Released", "tagline": "I can't get it out of my head. I'm gonna die today.", "spoken_languages": "en", "cast": "Denzel Washington|John Travolta|John Turturro|Luis Guzm\u00e1n|James Gandolfini", "id": 18487}