{"overview": "The second of two theatrically released follow-ups to the Neon Genesis Evangelion series. Comprising of two alternate episodes which were first intended to take the place of episodes 25 and 26, this finale answers many of the questions surrounding the series, while also opening up some new possibilities.", "popularity": 32.306, "original_title": "\u65b0\u4e16\u7d00\u30a8\u30f4\u30a1\u30f3\u30b2\u30ea\u30aa\u30f3\u5287\u5834\u7248 Air\uff0f\u307e\u3054\u3053\u308d\u3092\u3001\u541b\u306b", "runtime": 87, "release_date": "1997-07-19", "vote_average": 8.333, "vote_count": 1397, "status": "Released", "tagline": "The fate of destruction is also the joy of rebirth", "spoken_languages": "ja", "cast": "Megumi Ogata|Megumi Hayashibara|Kotono Mitsuishi|Yuko Miyamura|Fumihiko Tachiki", "id": 18491}