{"overview": "Mind-control technology has taken society by a storm, a multiplayer on-line game called \"Slayers\" allows players to control human prisoners in mass-scale. Simon controls Kable, the online champion of the game. Kable's ultimate challenge becomes regaining his identity and independence by defeating the game's mastermind.", "popularity": 22.405, "original_title": "Gamer", "runtime": 95, "release_date": "2009-09-03", "vote_average": 5.717, "vote_count": 2210, "status": "Released", "tagline": "In the near future, you don't live to play... you'll play to live.", "spoken_languages": "en", "cast": "Gerard Butler|Amber Valletta|Michael C. Hall|Kyra Sedgwick|Logan Lerman", "id": 18501}