{"overview": "Due to a learning disability, Josie's life in a tiny town revolves around a menial job taking care of a garage that could close at any day. Things start to change, however, when David, the son of his boss' girlfriend, comes to work with him. Josie hangs out with David and his teenage friends, bringing them beer, and despite being a grown man himself, finds that the new company lifts his spirits. But his simple-mindedness blinds him to some potential legal dangers.", "popularity": 3.668, "original_title": "Garage", "runtime": 85, "release_date": "2007-10-05", "vote_average": 6.9, "vote_count": 37, "status": "Released", "tagline": "", "spoken_languages": "en", "cast": "Pat Shortt|John Keogh|Anne-Marie Duff|George Costigan|Conor Ryan", "id": 18595}