{"overview": "A wily old codger matches wits with the King of the Leprechauns and helps play matchmaker for his daughter and the strapping lad who has replaced him as caretaker.", "popularity": 12.456, "original_title": "Darby O'Gill and the Little People", "runtime": 93, "release_date": "1959-06-24", "vote_average": 6.7, "vote_count": 130, "status": "Released", "tagline": "A touch O'Blarney... a heap O'Magic and A LOAD O'LAUGHTER!", "spoken_languages": "ga|en", "cast": "Albert Sharpe|Janet Munro|Sean Connery|Jimmy O'Dea|Kieron Moore", "id": 18887}