{"overview": "A quiet young English girl named Alice finds herself in an alternate version of her own reality after chasing a white rabbit. She becomes surrounded by living inanimate objects and stuffed dead animals, and must find a way out of this nightmare- no matter how twisted or odd that way must be. A memorably bizarre screen version of Lewis Carroll\u2019s novel \u2018Alice\u2019s Adventures in Wonderland\u2019.", "popularity": 9.611, "original_title": "N\u011bco z Alenky", "runtime": 86, "release_date": "1988-08-03", "vote_average": 7.444, "vote_count": 284, "status": "Released", "tagline": "A film made for children\u2026 perhaps?", "spoken_languages": "cs", "cast": "Krist\u00fdna Kohoutov\u00e1", "id": 18917}