{"overview": "During an assignment, foreign correspondent Steve Martin spends a layover in Tokyo and is caught amid the rampage of an unstoppable prehistoric monster the Japanese call 'Godzilla'. The only hope for both Japan and the world lies on a secret weapon, which may prove more destructive than the monster itself.", "popularity": 13.574, "original_title": "Godzilla, King of the Monsters!", "runtime": 81, "release_date": "1956-04-27", "vote_average": 6.6, "vote_count": 213, "status": "Released", "tagline": "Incredible, unstoppable titan of terror!", "spoken_languages": "en|ja", "cast": "Raymond Burr|Akira Takarada|Momoko K\u00f4chi|Akihiko Hirata|Takashi Shimura", "id": 18983}