{"overview": "Frank Bigelow is about to die, and he knows it. The accountant has been poisoned and has only 24 hours before the lethal concoction kills him. Determined to find out who his murderer is, Frank, with the help of his assistant and girlfriend, Paula, begins to trace back over his last steps. As he frantically tries to unravel the mystery behind his own impending demise, his sleuthing leads him to a group of crooked businessmen and another murder.", "popularity": 7.978, "original_title": "D.O.A.", "runtime": 83, "release_date": "1949-12-23", "vote_average": 6.9, "vote_count": 153, "status": "Released", "tagline": "A Picture As Excitingly Different As Its Title!", "spoken_languages": "en", "cast": "Edmond O'Brien|Pamela Britton|Luther Adler|Beverly Garland|Lynn Baggett", "id": 18995}