{"overview": "Charlie and Itchy return to Earth to find Gabriel's Horn, but along the way meet up with a young boy named David, who ran away from home.", "popularity": 13.749, "original_title": "All Dogs Go to Heaven 2", "runtime": 82, "release_date": "1996-03-29", "vote_average": 5.89, "vote_count": 246, "status": "Released", "tagline": "Heaven help us! Look who's back in the adventure of 2 lifetimes.", "spoken_languages": "en", "cast": "Charlie Sheen|Dom DeLuise|Adam Wylie|Sheena Easton|Ernest Borgnine", "id": 19042}