{"overview": "A chronicle of Nelson Mandela's life journey from his childhood in a rural village through to his inauguration as the first democratically elected president of South Africa.", "popularity": 17.684, "original_title": "Mandela: Long Walk to Freedom", "runtime": 141, "release_date": "2013-11-28", "vote_average": 6.824, "vote_count": 497, "status": "Released", "tagline": "It is an ideal for which I am prepared to die.", "spoken_languages": "en|af|xh", "cast": "Idris Elba|Naomie Harris|Tony Kgoroge|Riaad Moosa|Fana Mokoena", "id": 192136}