{"overview": "Bruce Banner, a genetics researcher with a tragic past, suffers massive radiation exposure in his laboratory that causes him to transform into a raging green monster when he gets angry.", "popularity": 35.642, "original_title": "Hulk", "runtime": 138, "release_date": "2003-06-19", "vote_average": 5.539, "vote_count": 5418, "status": "Released", "tagline": "What if everything you were forced to keep inside was suddenly set free?", "spoken_languages": "en|es", "cast": "Eric Bana|Jennifer Connelly|Sam Elliott|Josh Lucas|Nick Nolte", "id": 1927}