{"overview": "After the death of his younger brother, a troubled 19-year-old street dancer from Los Angeles is able to bypass juvenile hall by enrolling in the historically black, Truth University in Atlanta, Georgia. But his efforts to get an education and woo the girl he likes are sidelined when he is courted by the top two campus fraternities, both of which want and need his fierce street-style dance moves to win the highly coveted national step show competition.", "popularity": 20.234, "original_title": "Stomp the Yard", "runtime": 114, "release_date": "2007-05-16", "vote_average": 6.984, "vote_count": 396, "status": "Released", "tagline": "He will challenge their traditions. Their traditions will change his life.", "spoken_languages": "en", "cast": "Columbus Short|Meagan Good|Ne-Yo|Darrin Henson|Jermaine Williams", "id": 1931}