{"overview": "Alexander, the King of Macedonia, leads his legions against the giant Persian Empire. After defeating the Persians, he leads his army across the then known world, venturing farther than any westerner had ever gone, all the way to India.", "popularity": 25.423, "original_title": "Alexander", "runtime": 175, "release_date": "2004-11-21", "vote_average": 5.92, "vote_count": 3044, "status": "Released", "tagline": "The greatest legend of all was real", "spoken_languages": "en", "cast": "Colin Farrell|Angelina Jolie|Val Kilmer|Jared Leto|Jonathan Rhys Meyers", "id": 1966}