{"overview": "Enraged at the slaughter of Murron, his new bride and childhood love, Scottish warrior William Wallace slays a platoon of the local English lord's soldiers. This leads the village to revolt and, eventually, the entire country to rise up against English rule.", "popularity": 53.195, "original_title": "Braveheart", "runtime": 177, "release_date": "1995-05-24", "vote_average": 7.934, "vote_count": 9415, "status": "Released", "tagline": "Every man dies. Not every man truly lives.", "spoken_languages": "en|fr|la|gd", "cast": "Mel Gibson|Catherine McCormack|Sophie Marceau|Patrick McGoohan|Angus Macfadyen", "id": 197}