{"overview": "An American nurse living and working in Tokyo is exposed to a mysterious supernatural curse, one that locks a person in a powerful rage before claiming their life and spreading to another victim.", "popularity": 26.075, "original_title": "The Grudge", "runtime": 92, "release_date": "2004-10-22", "vote_average": 5.885, "vote_count": 2730, "status": "Released", "tagline": "It never forgives. It never forgets.", "spoken_languages": "en|ja", "cast": "Sarah Michelle Gellar|Jason Behr|Takako Fuji|Yuya Ozeki|William Mapother", "id": 1970}