{"overview": "Every child comes into the world full of promise, and none more so than Chappie: he is gifted, special, a prodigy. Like any child, Chappie will come under the influence of his surroundings\u2014some good, some bad\u2014and he will rely on his heart and soul to find his way in the world and become his own man. But there's one thing that makes Chappie different from any one else: he is a robot.", "popularity": 57.668, "original_title": "Chappie", "runtime": 120, "release_date": "2015-03-04", "vote_average": 6.776, "vote_count": 7478, "status": "Released", "tagline": "I am consciousness. I am alive. I am Chappie.", "spoken_languages": "en", "cast": "Sharlto Copley|Dev Patel|Hugh Jackman|Ninja|Yo-Landi Visser", "id": 198184}