{"overview": "Elizabeth has just been through a particularly nasty breakup, and now she's ready to leave her friends and memories behind as she chases her dreams across the country. In order to support herself on her journey, Elizabeth picks up a series of waitress jobs along the way. As Elizabeth crosses paths with a series of lost souls whose yearnings are even greater than her own, their emotional turmoil ultimately helps her gain a greater understanding of her own problems...", "popularity": 18.514, "original_title": "My Blueberry Nights", "runtime": 95, "release_date": "2007-11-28", "vote_average": 6.4, "vote_count": 689, "status": "Released", "tagline": "How do you say goodbye to someone you can't imagine living without?", "spoken_languages": "en", "cast": "Norah Jones|Jude Law|David Strathairn|Rachel Weisz|Natalie Portman", "id": 1989}