{"overview": "Dad's Army was a 1971 feature film based on the BBC television sitcom Dad's Army. Directed by Norman Cohen, it was filmed between series three and four and was based upon material from the early episodes of the television series. The film told the story of the Home Guard platoon's formation and their subsequent endeavours at a training exercise.", "popularity": 6.473, "original_title": "Dad's Army", "runtime": 95, "release_date": "1971-03-12", "vote_average": 4.694, "vote_count": 80, "status": "Released", "tagline": "At last! Their epic story invades the Big Screen!", "spoken_languages": "en", "cast": "Arthur Lowe|John Le Mesurier|Clive Dunn|John Laurie|James Beck", "id": 20051}