{"overview": "San Francisco's premiere wedding planner, Mary Fiore is rescued from an accident by the man of her dreams, pediatrician Steve Edison, only to find he is the fianc\u00e9 of her latest client. As Mary continues making their wedding arrangements, she and Steve are put into a string of uncomfortable situations that force them to face their mutual attraction.", "popularity": 15.754, "original_title": "The Wedding Planner", "runtime": 103, "release_date": "2001-01-26", "vote_average": 5.913, "vote_count": 1553, "status": "Released", "tagline": "His big day is her big problem.", "spoken_languages": "en", "cast": "Jennifer Lopez|Matthew McConaughey|Justin Chambers|Joanna Gleason|Lou Myers", "id": 2018}