{"overview": "2002 HBO Stand-up Special starring Robin Williams. Recorded and broadcast live from New Your City's Broadway Theater at the culmination of his historic 2002 sold-out tour, this special finds the Oscar-winning actor/writer/comedian returning after 16 years to his stand-up roots to deliver what the Washington Post calls \"...in its madcap way, a seminal cultural event.\"", "popularity": 4.863, "original_title": "Robin Williams: Live on Broadway", "runtime": 99, "release_date": "2002-07-14", "vote_average": 7.508, "vote_count": 61, "status": "Released", "tagline": "Real Time. Real Risk. Real Raw.", "spoken_languages": "en", "cast": "Robin Williams", "id": 20211}