{"overview": "When Longfellow Deeds, a small-town pizzeria owner and poet, inherits $40 billion from his deceased uncle, he quickly begins rolling in a different kind of dough. Moving to the big city, Deeds finds himself besieged by opportunists all gunning for their piece of the pie. Babe, a television tabloid reporter, poses as an innocent small-town girl to do an expos\u00e9 on Deeds.", "popularity": 18.674, "original_title": "Mr. Deeds", "runtime": 96, "release_date": "2002-06-28", "vote_average": 5.846, "vote_count": 2075, "status": "Released", "tagline": "Small town kid, big time right hook.", "spoken_languages": "en", "cast": "Adam Sandler|Winona Ryder|John Turturro|Allen Covert|Peter Gallagher", "id": 2022}