{"overview": "An investigator from the War Crimes Commission travels to Connecticut to find an infamous Nazi, who may be hiding out in a small town in the guise of a distinguished professor engaged to the Supreme Court Justice\u2019s daughter.", "popularity": 12.462, "original_title": "The Stranger", "runtime": 95, "release_date": "1946-07-02", "vote_average": 7.257, "vote_count": 522, "status": "Released", "tagline": "The most deceitful man a woman ever loved!", "spoken_languages": "en|es|fr", "cast": "Edward G. Robinson|Loretta Young|Orson Welles|Philip Merivale|Richard Long", "id": 20246}