{"overview": "On his first day on the job as a narcotics officer, a rookie cop works with a rogue detective who isn't what he appears.", "popularity": 43.063, "original_title": "Training Day", "runtime": 122, "release_date": "2001-10-05", "vote_average": 7.5, "vote_count": 5417, "status": "Released", "tagline": "The only thing more dangerous than the line being crossed, is the cop who will cross it.", "spoken_languages": "en|ru|es|ko", "cast": "Ethan Hawke|Denzel Washington|Scott Glenn|Tom Berenger|Harris Yulin", "id": 2034}