{"overview": "A convicted thief in Dartmoor prison hides the location of the stolen Bank of England printing plates inside three music boxes. When the innocent purchasers of the boxes start to be murdered, Holmes and Watson investigate.", "popularity": 10.919, "original_title": "Dressed to Kill", "runtime": 72, "release_date": "1946-05-24", "vote_average": 6.5, "vote_count": 96, "status": "Released", "tagline": "Queen\u2026of a crime cult!", "spoken_languages": "en", "cast": "Basil Rathbone|Nigel Bruce|Patricia Morison|Frederick Worlock|Harry Cording", "id": 20417}