{"overview": "Modern treasure hunters, led by archaeologist Ben Gates, search for a chest of riches rumored to have been stashed away by George Washington, Thomas Jefferson and Benjamin Franklin during the Revolutionary War. The chest's whereabouts may lie in secret clues embedded in the Constitution and the Declaration of Independence, and Gates is in a race to find the gold before his enemies do.", "popularity": 33.217, "original_title": "National Treasure", "runtime": 131, "release_date": "2004-11-19", "vote_average": 6.612, "vote_count": 5887, "status": "Released", "tagline": "The greatest adventure history has ever revealed.", "spoken_languages": "la|en|es", "cast": "Nicolas Cage|Diane Kruger|Justin Bartha|Sean Bean|Jon Voight", "id": 2059}