{"overview": "Ben Cronin has it all: the admiration of his many friends, a terrific girlfriend, and he's on the fast-track to an athletic scholarship. Ben's rock-solid, promising future and romance are turned upside-down with the arrival of Madison Bell. Madison, the new girl in town, quickly sets her sights on the impressionable Ben. While their first few meetings are innocent enough, the obsessive and seductive Madison wants more ... much more.", "popularity": 11.488, "original_title": "Swimfan", "runtime": 84, "release_date": "2002-09-06", "vote_average": 5.295, "vote_count": 241, "status": "Released", "tagline": "His biggest fan just became his worst nightmare.", "spoken_languages": "en", "cast": "Jesse Bradford|Erika Christensen|Shiri Appleby|Kate Burton|Jason Ritter", "id": 20616}