{"overview": "When the Texas Southern Armadillos football team is disqualified for cheating and poor grades, the University is forced to pick from a team that actually goes to school. Will they even win a single game?", "popularity": 12.69, "original_title": "Necessary Roughness", "runtime": 108, "release_date": "1991-09-27", "vote_average": 5.434, "vote_count": 106, "status": "Released", "tagline": "This gang of loners, loonies and losers are about to become something they've never been before... a team.", "spoken_languages": "es|en", "cast": "Scott Bakula|Robert Loggia|Harley Jane Kozak|Larry Miller|H\u00e9ctor Elizondo", "id": 20704}