{"overview": "Charley Partanna is a hitman who works for the Prizzis, one of the richest crime families in the US. When he sees Irene Walker, it's love at first sight. But he soon finds that she, too, is a killer for hire. Charley can overlook his suspicions, but he can't turn off his heart. And the couple must remember that even if they love each other, the Prizzis love only money.", "popularity": 11.239, "original_title": "Prizzi's Honor", "runtime": 124, "release_date": "1985-06-14", "vote_average": 6.353, "vote_count": 336, "status": "Released", "tagline": "Hired killers by day. Devoted lovers by night. Until they found out their next assignment was each other.", "spoken_languages": "en", "cast": "Jack Nicholson|Kathleen Turner|Robert Loggia|John Randolph|William Hickey", "id": 2075}