{"overview": "A misanthropic man sets out to exact revenge on his estranged father, by finding a loophole and attempting to win the National Spelling Bee as an adult. Figuring it would destroy his father, and everything he's worked so hard for as head of the Spelling Bee Championship Organization, Guy Trilby eventually discovers winning isn't necessary for revenge, and that friendship is a blessing not a curse.", "popularity": 14.576, "original_title": "Bad Words", "runtime": 89, "release_date": "2013-09-06", "vote_average": 6.373, "vote_count": 753, "status": "Released", "tagline": "The end justifies the means", "spoken_languages": "en", "cast": "Jason Bateman|Kathryn Hahn|Rohan Chand|Philip Baker Hall|Allison Janney", "id": 209403}