{"overview": "The year is 1949. A young Texan named John Grady finds himself without a home after his mother sells the ranch where he has spent his entire life. Lured south of the border by the romance of cowboy life and the promise of a fresh start, Cole and his pal embark on an adventure that will test their resilience, define their maturity, and change their lives forever.", "popularity": 15.005, "original_title": "All the Pretty Horses", "runtime": 117, "release_date": "2000-12-11", "vote_average": 5.822, "vote_count": 201, "status": "Released", "tagline": "Some passions can never be tamed.", "spoken_languages": "en|es", "cast": "Matt Damon|Henry Thomas|Lucas Black|Pen\u00e9lope Cruz|Rub\u00e9n Blades", "id": 21355}