{"overview": "Fioravante decides to become a professional Don Juan as a way of making money to help his cash-strapped friend, Murray. With Murray acting as his \"manager\", the duo quickly finds themselves caught up in the crosscurrents of love and money.", "popularity": 11.158, "original_title": "Fading Gigolo", "runtime": 90, "release_date": "2013-09-07", "vote_average": 5.84, "vote_count": 548, "status": "Released", "tagline": "", "spoken_languages": "en", "cast": "John Turturro|Woody Allen|Vanessa Paradis|Liev Schreiber|Sharon Stone", "id": 214030}