{"overview": "Set in a futuristic world where the only sport that has survived in a wasted society is the brutal game known as jugging. Sallow, the leader of a rag-tag team, has played in the main Leagues before, but was cast out because of indiscretions with a lady. However now joined by a talented newcomer, Kidda, an ambitious young peasant girl he and his team find they have one last chance for glory", "popularity": 11.717, "original_title": "The Blood of Heroes", "runtime": 100, "release_date": "1989-10-19", "vote_average": 5.781, "vote_count": 121, "status": "Released", "tagline": "When juggers play there is only one way to live - THE HARD WAY!", "spoken_languages": "en", "cast": "Rutger Hauer|Joan Chen|Delroy Lindo|Anna Katarina|Vincent D'Onofrio", "id": 21512}