{"overview": "As if the Penguin wasn't enough to contend with, a new vigilante has surfaced in Gotham City, and her strong-arm tactics give Batman cause for concern.", "popularity": 24.012, "original_title": "Batman: Mystery of the Batwoman", "runtime": 74, "release_date": "2003-10-21", "vote_average": 6.705, "vote_count": 349, "status": "Released", "tagline": "Gotham City's newest hero... or criminal?", "spoken_languages": "en", "cast": "Kevin Conroy|Tara Strong|H\u00e9ctor Elizondo|Kyra Sedgwick|David Ogden Stiers", "id": 21683}