{"overview": "Dek, a decent but somewhat dull man, enjoys a happy existence with beloved girlfriend Shirley. They live together with her 12-year-old, Marlene: her daughter by the delinquent Jimmy, who flew the coop years ago and hasn't been heard from since. Dek loves Shirley so much that he proposes to her on national television.", "popularity": 4.197, "original_title": "Once Upon a Time in the Midlands", "runtime": 104, "release_date": "2002-09-06", "vote_average": 6.0, "vote_count": 42, "status": "Released", "tagline": "", "spoken_languages": "en", "cast": "Robert Carlyle|Rhys Ifans|Shirley Henderson|Kathy Burke|Ricky Tomlinson", "id": 22200}