{"overview": "October 1934. Poland. Famous bank robber Kwinto decided to quit his dangerous criminal job, but after his friend's death, he changed his mind and organized a burglary of famous and well protected bank which belonged to his former partner in crime, backstabbing and double-crossing Kramer. Kwinto designs a clever plan not to only rob the Kramer's bank but to make it look like Kramer himself did it.", "popularity": 6.69, "original_title": "Vabank", "runtime": 104, "release_date": "1981-10-01", "vote_average": 7.656, "vote_count": 93, "status": "Released", "tagline": "", "spoken_languages": "pl", "cast": "Jan Machulski|Leonard Pietraszak|Witold Pyrkosz|Jacek Chmielnik|Krzysztof Kiersznowski", "id": 22257}