{"overview": "Scientist hold talking, super-intelligent babies captive, but things take a turn for the worse when a mix-up occurs between a baby genius and its twin.", "popularity": 13.341, "original_title": "Baby Geniuses", "runtime": 97, "release_date": "1999-03-12", "vote_average": 4.0, "vote_count": 333, "status": "Released", "tagline": "Think innocent. Think helpless. Think again. Naps are history.", "spoken_languages": "en", "cast": "Kathleen Turner|Christopher Lloyd|Kim Cattrall|Peter MacNicol|Dom DeLuise", "id": 22345}