{"overview": "As bass guitarist for a garage-rock band, Scott Pilgrim has never had trouble getting a girlfriend; usually, the problem is getting rid of them. But when Ramona Flowers skates into his heart, he finds she has the most troublesome baggage of all: an army of ex-boyfriends who will stop at nothing to eliminate him from her list of suitors.", "popularity": 63.941, "original_title": "Scott Pilgrim vs. the World", "runtime": 113, "release_date": "2010-08-12", "vote_average": 7.472, "vote_count": 7219, "status": "Released", "tagline": "Get the hot girl. Defeat her evil exes. Hit love where it hurts.", "spoken_languages": "en", "cast": "Michael Cera|Mary Elizabeth Winstead|Ellen Wong|Kieran Culkin|Alison Pill", "id": 22538}