{"overview": "When a store clerk organizes a contest to climb the outside of a tall building, circumstances force him to make the perilous climb himself.", "popularity": 12.255, "original_title": "Safety Last!", "runtime": 74, "release_date": "1923-04-01", "vote_average": 7.84, "vote_count": 442, "status": "Released", "tagline": "You're Going to Explode With \"Safety Laughs\" when You see This Fun Bomb.", "spoken_languages": "xx", "cast": "Harold Lloyd|Mildred Davis|Bill Strother|Noah Young|Westcott Clarke", "id": 22596}