{"overview": "A little boy whose dreams transcend reality is sucked into his own fantasy, which is everything he has dreamed of, until he unleashes an old secret that may not only destroy this perfect dream world but reality itself.", "popularity": 19.766, "original_title": "\u30ea\u30c8\u30eb\u30fb\u30cb\u30e2", "runtime": 95, "release_date": "1989-07-15", "vote_average": 6.8, "vote_count": 151, "status": "Released", "tagline": "Take Off On A Wonderful Adventure With \"Little Nemo\"", "spoken_languages": "ja", "cast": "Gabriel Damon|Mickey Rooney|Ren\u00e9 Auberjonois|Danny Mann|Laura Mooney", "id": 22611}