{"overview": "In a seemingly perfect community, without war, pain, suffering, differences or choice, a young boy is chosen to learn from an elderly man about the true pain and pleasure of the \"real\" world.", "popularity": 21.742, "original_title": "The Giver", "runtime": 97, "release_date": "2014-08-13", "vote_average": 6.548, "vote_count": 4250, "status": "Released", "tagline": "Search for truth. Find freedom.", "spoken_languages": "en", "cast": "Brenton Thwaites|Odeya Rush|Jeff Bridges|Meryl Streep|Katie Holmes", "id": 227156}