{"overview": "A hard-luck limo driver struggling to go straight and pay off a debt to his bookie takes on a job with a crazed passenger whose sought-after ledger implicates some seriously dangerous criminals.", "popularity": 13.128, "original_title": "Stretch", "runtime": 94, "release_date": "2014-10-14", "vote_average": 6.191, "vote_count": 603, "status": "Released", "tagline": "Shift happens.", "spoken_languages": "en", "cast": "Patrick Wilson|Kevin Bigley|Chris Pine|Jessica Alba|Ray Liotta", "id": 227300}