{"overview": "A boy's life is turned upside down when he learns that he is the last of a group of immortal warriors who have dedicated their lives to fighting the forces of the dark.", "popularity": 16.832, "original_title": "The Seeker: The Dark Is Rising", "runtime": 94, "release_date": "2007-10-05", "vote_average": 5.382, "vote_count": 377, "status": "Released", "tagline": "Even the smallest of light... shines in the darkness", "spoken_languages": "en", "cast": "Alexander Ludwig|Ian McShane|Christopher Eccleston|Gregory Smith|Jonathan Jackson", "id": 2274}