{"overview": "Set in a world where the concept of lying doesn't exist, a loser changes his lot when he invents lying and uses it to get ahead.", "popularity": 19.892, "original_title": "The Invention of Lying", "runtime": 100, "release_date": "2009-10-02", "vote_average": 6.188, "vote_count": 1921, "status": "Released", "tagline": "In a world where everyone can only tell the truth... This guy can lie.", "spoken_languages": "en", "cast": "Ricky Gervais|Jennifer Garner|Jonah Hill|Louis C.K.|Jeffrey Tambor", "id": 23082}