{"overview": "The Cove tells the amazing true story of how an elite team of individuals, films makers and free divers embarked on a covert mission to penetrate the hidden cove in Japan, shining light on a dark and deadly secret. The shocking discoveries were only the tip of the iceberg.", "popularity": 9.808, "original_title": "The Cove", "runtime": 92, "release_date": "2009-07-31", "vote_average": 7.931, "vote_count": 562, "status": "Released", "tagline": "Shallow Water. Deep Secret.", "spoken_languages": "en", "cast": "Joe Chisholm|Mandy-Rae Cruikshank|Charles Hambleton|Simon Hutchins|Kirk Krack", "id": 23128}