{"overview": "Salesman Roy Knable spends all his free time watching television, to the exasperation of his wife, Helen. One day, TV salesman Spike convinces Roy to buy a satellite dish offering 666 channels. The new addition to Roy's home entertainment system sucks him and Helen into Hellvision, a realm run by Spike, who is an emissary of Satan. For 24 hours, the couple must survive devilish parodies of TV programs if they want to return to reality alive.", "popularity": 10.155, "original_title": "Stay Tuned", "runtime": 87, "release_date": "1992-08-14", "vote_average": 6.093, "vote_count": 151, "status": "Released", "tagline": "Something weird's on the air.", "spoken_languages": "en", "cast": "John Ritter|Pam Dawber|Jeffrey Jones|David Tom|Heather McComb", "id": 23939}