{"overview": "After their caravan is attacked and their respective families butchered by Arab marauders, teenagers David and Sarah flee across the desert. But the desert is filled with danger from the elements, animals and the unwholesome appetite of the Jackal, a sheik who wants Sarah for himself. However, the desert also holds temptation and love. David and Sarah hide out in an oasis and build a life for themselves, discovering each other in new ways.", "popularity": 19.777, "original_title": "Paradise", "runtime": 100, "release_date": "1982-03-12", "vote_average": 6.24, "vote_count": 100, "status": "Released", "tagline": "If only it could have been forever.", "spoken_languages": "en", "cast": "Willie Aames|Phoebe Cates|Tuvia Tavi|Richard Curnock|Aviva Marks", "id": 23942}