{"overview": "In a corrupt city, a small-time gangster and the estranged wife of a pot dealer find themselves thrown together in an escapade of love, money, drugs and danger.", "popularity": 11.545, "original_title": "Atlantic City", "runtime": 104, "release_date": "1980-09-03", "vote_average": 6.835, "vote_count": 233, "status": "Released", "tagline": "She made him become what he always wanted to be - a lover, a hero, a rich man...and a killer!", "spoken_languages": "fr|en", "cast": "Burt Lancaster|Susan Sarandon|Kate Reid|Michel Piccoli|Hollis McLaren", "id": 23954}