{"overview": "Milly and Louis, and their recently-widowed mom, Charlene, move to a new neighborhood. Once there, they all deal with a variety of personal problems, but Milly finds a friend in Eric, her autistic next door neighbor. Eric has a fascination with flight, and as the story progresses, he exerts an enthralling force of change on all those around him.", "popularity": 9.193, "original_title": "The Boy Who Could Fly", "runtime": 114, "release_date": "1986-08-15", "vote_average": 6.3, "vote_count": 112, "status": "Released", "tagline": "A very special love. And a very special magic. But is it real magic or just an illusion?", "spoken_languages": "", "cast": "Jay Underwood|Fred Savage|Bonnie Bedelia|Colleen Dewhurst|Fred Gwynne", "id": 24086}