{"overview": "Based on the popular books, the story tells of Tony who wants a friend to add some adventure to his life. What he gets is Rudolph, a vampire kid with a good appetite. The two end up inseparable, but their fun is cut short when all the hopes of the vampire race could be gone forever in single night. With Tony's access to the daytime world, he helps them to find what they've always wanted.", "popularity": 15.445, "original_title": "The Little Vampire", "runtime": 95, "release_date": "2000-10-27", "vote_average": 6.793, "vote_count": 370, "status": "Released", "tagline": "They're not just best friends, they're blood brothers.", "spoken_languages": "en", "cast": "Jonathan Lipnicki|Richard E. Grant|Jim Carter|Alice Krige|Pamela Gidley", "id": 24100}