{"overview": "Uncouth, loud-mouth junkyard tycoon Harry Brock descends upon Washington D.C. to buy himself a congressman or two, bringing with him his mistress, ex-showgirl Billie Dawn.", "popularity": 11.322, "original_title": "Born Yesterday", "runtime": 103, "release_date": "1950-12-25", "vote_average": 7.189, "vote_count": 143, "status": "Released", "tagline": "It's Here AT LAST!", "spoken_languages": "en", "cast": "Judy Holliday|Broderick Crawford|William Holden|Howard St. John|Frank Otto", "id": 24481}