{"overview": "Depicts a cast of fine artists and eccentric scientists (from MIT and NASA) who have devoted their lives to the unlikely medium of modern origami. Through their determination to reinterpret the world in paper, they arouse a fascinating mix of sensibilities towards art, form, expressiveness, creativity and meaning", "popularity": 1.176, "original_title": "Between the Folds", "runtime": 56, "release_date": "2008-05-31", "vote_average": 7.647, "vote_count": 17, "status": "Released", "tagline": "", "spoken_languages": "en", "cast": "Dr. Erik D. Demaine|Martin L. Demaine|Vincent Floderer|Miri Golan|Vanessa Gould", "id": 24792}