{"overview": "Julia Child and Julie Powell \u2013 both of whom wrote memoirs \u2013 find their lives intertwined. Though separated by time and space, both women are at loose ends... until they discover that with the right combination of passion, fearlessness and butter, anything is possible.", "popularity": 13.225, "original_title": "Julie & Julia", "runtime": 123, "release_date": "2009-08-06", "vote_average": 6.69, "vote_count": 1953, "status": "Released", "tagline": "Based on Two True Stories.", "spoken_languages": "en|fr", "cast": "Meryl Streep|Amy Adams|Stanley Tucci|Chris Messina|Linda Emond", "id": 24803}