{"overview": "Sam Wheat is a banker, Molly Jensen is an artist, and the two are madly in love. However, when Sam is murdered by his friend and corrupt business partner Carl Bruner over a shady business deal, he is left to roam the earth as a powerless spirit. When he learns of Carl's betrayal, Sam must seek the help of psychic Oda Mae Brown to set things right and protect Molly from Carl and his goons.", "popularity": 38.155, "original_title": "Ghost", "runtime": 127, "release_date": "1990-07-13", "vote_average": 7.204, "vote_count": 5135, "status": "Released", "tagline": "Before Sam was murdered, he told Molly he'd love and protect her forever.", "spoken_languages": "en", "cast": "Patrick Swayze|Demi Moore|Whoopi Goldberg|Tony Goldwyn|Vincent Schiavelli", "id": 251}