{"overview": "Paper Heart follows Nick and Charlyne on a cross-country journey to document what exactly \"love\" is. Interviewing ministers, happily married couples, chemists, romance novelists, divorce lawyers, a group of children and more, the determined young girl attempts to find definition and perhaps even experience the mysterious emotion.", "popularity": 6.178, "original_title": "Paper Heart", "runtime": 88, "release_date": "2009-08-07", "vote_average": 5.8, "vote_count": 99, "status": "Released", "tagline": "A story about love that's taking on a life on its own.", "spoken_languages": "en", "cast": "Charlyne Yi|Demetri Martin|Jake Johnson|Given Sharp|Martin Starr", "id": 25183}