{"overview": "When yet another anniversary passes without a marriage proposal from her boyfriend, Anna decides to take action. Aware of a Celtic tradition that allows women to pop the question on Feb. 29, she plans to follow her lover to Dublin and ask him to marry her. Fate has other plans, however, and Anna winds up on the other side of the Emerald Isle with handsome, but surly, Declan -- an Irishman who may just lead Anna down the road to true love.", "popularity": 29.045, "original_title": "Leap Year", "runtime": 100, "release_date": "2010-01-08", "vote_average": 6.884, "vote_count": 1907, "status": "Released", "tagline": "Anna planned to propose to her boyfriend on February 29th. This is not her boyfriend.", "spoken_languages": "en", "cast": "Amy Adams|Matthew Goode|Adam Scott|John Lithgow|Noel O'Donovan", "id": 25195}