{"overview": "While playing outside one day, nine-year-old Michele discovers Filippo, who is chained to the ground at the bottom of a hole. Michele witnesses town baddie Felice nearby and suspects something bad is happening. Michele is unsure whom he should tell about his discovery, eventually spilling the beans to his closest friend. Michele's parents learn of his discovery and warn him to forget what he saw", "popularity": 6.987, "original_title": "Io non ho paura", "runtime": 108, "release_date": "2003-02-08", "vote_average": 7.113, "vote_count": 906, "status": "Released", "tagline": "Who can you trust when everyone's a suspect?", "spoken_languages": "it", "cast": "Giuseppe Cristiano|Dino Abbrescia|Aitana S\u00e1nchez-Gij\u00f3n|Diego Abatantuono|Fabio Tetta", "id": 25300}