{"overview": "By day, Richard Haig is a successful and well-respected English professor at renowned Trinity College in Cambridge.  By night, Richard indulges his own romantic fantasies with a steady stream of beautiful undergraduates.  But Richard has grown tired of the  game and is looking for something more meaningful and lasting.  So when Kate, Richard\u2019s tanned, athletic, 25-year-old American girlfriend tells him that she is pregnant, Richard is thrilled.  He looks forward to having a family of his own,  being a father his children could be proud of, not some sex-fueled bobcat.  There is only one problem.  Richard\u2019s not in love with Kate.  Richard is in love with Kate\u2019s sister, Olivia. He had been in love with her ever since he first saw her.", "popularity": 13.932, "original_title": "Some Kind of Beautiful", "runtime": 99, "release_date": "2015-07-16", "vote_average": 5.633, "vote_count": 539, "status": "Released", "tagline": "Every good love story has three sides.", "spoken_languages": "en", "cast": "Pierce Brosnan|Jessica Alba|Salma Hayek Pinault|Duncan Joiner|Ben McKenzie", "id": 253344}