{"overview": "Ten years after their casino heist, four escaped convicts trace their former partner to a desert town, where he is now a lawman with no memory of his criminal past.", "popularity": 10.612, "original_title": "Swelter", "runtime": 96, "release_date": "2014-04-20", "vote_average": 5.027, "vote_count": 93, "status": "Released", "tagline": "Greed. Revenge. Redemption.", "spoken_languages": "en", "cast": "Jean-Claude Van Damme|Alfred Molina|Catalina Sandino Moreno|Lennie James|Brad Carter", "id": 256687}