{"overview": "A bright young medical student must solve the frightening mystery that plagues the children of a small Midwestern town.", "popularity": 8.874, "original_title": "Children of the Corn IV: The Gathering", "runtime": 85, "release_date": "1996-10-08", "vote_average": 4.463, "vote_count": 134, "status": "Released", "tagline": "In a sleepy midwestern town... A horrifying evil is about to rise again!", "spoken_languages": "en", "cast": "Naomi Watts|Jamie Ren\u00e9e Smith|Karen Black|Mark Salling|Brent Jennings", "id": 25750}