{"overview": "The true, harrowing story of a young Jewish girl who, with her family and their friends, is forced into hiding in an attic in Nazi-occupied Amsterdam.", "popularity": 16.6, "original_title": "The Diary of Anne Frank", "runtime": 180, "release_date": "1959-03-18", "vote_average": 7.215, "vote_count": 319, "status": "Released", "tagline": "Hollywood has never made a greater suspense story... a more tender love story... or a finer human drama!", "spoken_languages": "en|de", "cast": "Millie Perkins|Joseph Schildkraut|Shelley Winters|Richard Beymer|Gusti Huber", "id": 2576}