{"overview": "Set in Harlem in 1987, Claireece \"Precious\" Jones is a 16-year-old African American girl born into a life no one would want. She's pregnant for the second time by her absent father; at home, she must wait hand and foot on her mother, an angry woman who abuses her emotionally and physically. School is chaotic and Precious has reached the ninth grade with good marks and a secret; She can't read.", "popularity": 17.608, "original_title": "Precious", "runtime": 110, "release_date": "2009-11-06", "vote_average": 7.335, "vote_count": 1524, "status": "Released", "tagline": "We are all precious", "spoken_languages": "en|it", "cast": "Gabourey Sidibe|Mo'Nique|Paula Patton|Mariah Carey|Lenny Kravitz", "id": 25793}