{"overview": "During the Japanese occupation of China, two prisoners are dumped in a peasant's home in a small town. The owner is bullied into keeping the prisoners until the next New Year, at which time they will be collected. The village leaders convene to interrogate the prisoners. The townspeople then struggle to accommodate the prisoners. One is a bellicose Japanese nationalist, the other a nervous translator. Will the townspeople manage to keep the prisoners until the New Year?", "popularity": 12.216, "original_title": "\u9b3c\u5b50\u6765\u4e86", "runtime": 139, "release_date": "2000-05-12", "vote_average": 8.138, "vote_count": 141, "status": "Released", "tagline": "", "spoken_languages": "fr|en|zh|ja", "cast": "Jiang Wen|Jiang Hongbo|Teruyuki Kagawa|David Wu|Ding Yuan", "id": 25838}