{"overview": "A group of Mexican emigrants attempts to cross the Mexican-US border. What begins as a hopeful journey becomes a harrowing, bloody and primal fight for survival when a deranged, rifle-toting vigilante and his loyal Belgian Malinois dog chase the group of unarmed men and women through the treacherous borderland. In the harsh, unforgiving desert terrain, the odds are stacked firmly against them as they discover there\u2019s nowhere to hide from the unrelenting, merciless killer.", "popularity": 11.681, "original_title": "Desierto", "runtime": 88, "release_date": "2015-04-12", "vote_average": 6.083, "vote_count": 327, "status": "Released", "tagline": "A chase where only the strongest survive.", "spoken_languages": "en|es", "cast": "Gael Garc\u00eda Bernal|Jeffrey Dean Morgan|Diego Cata\u00f1o|Marco P\u00e9rez|Alondra Hidalgo", "id": 258363}