{"overview": "After being double-crossed and left for dead, a mysterious man named Walker single-mindedly tries to retrieve the rather inconsequential sum of money that was stolen from him.", "popularity": 14.089, "original_title": "Point Blank", "runtime": 92, "release_date": "1967-08-30", "vote_average": 7.0, "vote_count": 334, "status": "Released", "tagline": "He thrived on two kinds of people... his victims and his women!", "spoken_languages": "en", "cast": "Lee Marvin|Angie Dickinson|Keenan Wynn|Carroll O'Connor|Lloyd Bochner", "id": 26039}