{"overview": "Spoiled Jessie Montgomery, whose wild behavior and spending excesses cause her well-meaning but exasperated millionaire father Charles to wish he never had her, is visited by fairy godmother Stella. In an effort to save Jessie, Stella casts a spell which causes Charles to no longer have a daughter. Jessie, now penniless and without a friend, must take a maid's job to earn a living, and hopefully to learn her lesson.", "popularity": 6.019, "original_title": "Maid to Order", "runtime": 93, "release_date": "1987-07-10", "vote_average": 5.7, "vote_count": 48, "status": "Released", "tagline": "She was raised in a Beverly Hills mansion. Now, she's got to clean one.", "spoken_languages": "en|es", "cast": "Ally Sheedy|Beverly D'Angelo|Michael Ontkean|Valerie Perrine|Dick Shawn", "id": 2608}