{"overview": "Unlucky in love, chemist Paul Matthews visits gypsy Madame Rosa for help. Quickly realizing he is a hopeless nerd, she gifts him with Love Potion No. 8, which makes anyone who wears it irresistible to the opposite sex for four hours. Paul and animal psychologist coworker Diane Farrow decide to test it on themselves. The awkward pair suddenly find themselves alluring to anyone they approach, but soon realize they are most attracted to each other.", "popularity": 12.463, "original_title": "Love Potion No. 9", "runtime": 97, "release_date": "1992-11-13", "vote_average": 6.208, "vote_count": 252, "status": "Released", "tagline": "Imagine if sex appeal came in a bottle.", "spoken_languages": "en", "cast": "Sandra Bullock|Tate Donovan|Anne Bancroft|Blake Clark|Rebecca Staab", "id": 26255}