{"overview": "Hubert, a brash 17-year-old, is confused and torn by a love-hate relationship with his mother that consumes him more and more each day. After distressing ordeals and tragic episodes, Hubert will find his mother on the banks of Saint Lawrence river, where he grew up, and where a murder will be committed: the murder of childhood.", "popularity": 11.434, "original_title": "J'ai tu\u00e9 ma m\u00e8re", "runtime": 96, "release_date": "2009-06-05", "vote_average": 7.5, "vote_count": 1040, "status": "Released", "tagline": "Sons forget their mothers can die.", "spoken_languages": "fr", "cast": "Anne Dorval|Xavier Dolan|Fran\u00e7ois Arnaud|Suzanne Cl\u00e9ment|Patricia Tulasne", "id": 26280}