{"overview": "It's the true-life story of legendary track star Steve Prefontaine, the exciting and sometimes controversial \"James Dean of Track,\" whose spirit captured the heart of the nation! Cocky, charismatic, and tough, \"Pre\" was a running rebel who defied rules, pushed limits ... and smashed records ...", "popularity": 8.556, "original_title": "Prefontaine", "runtime": 106, "release_date": "1997-01-24", "vote_average": 6.599, "vote_count": 71, "status": "Released", "tagline": "He beat the odds... And became a legend!", "spoken_languages": "en", "cast": "Jared Leto|R. Lee Ermey|Ed O'Neill|Breckin Meyer|Lindsay Crouse", "id": 26306}