{"overview": "A historical drama set in Roman Egypt, concerning philosopher Hypatia of Alexandria and her relationship with her slave Davus, who is torn between his love for her and the possibility of gaining his freedom by joining the rising tide of Christianity.", "popularity": 13.74, "original_title": "Agora", "runtime": 127, "release_date": "2009-05-17", "vote_average": 6.963, "vote_count": 1309, "status": "Released", "tagline": "Alexandria, Egypt. 391 A.D. The World Changed Forever.", "spoken_languages": "en", "cast": "Rachel Weisz|Max Minghella|Oscar Isaac|Ashraf Barhom|Michael Lonsdale", "id": 26428}