{"overview": "In honor of his birthday, San Francisco banker Nicholas Van Orton, a financial genius and a cold-hearted loner, receives an unusual present from his younger brother, Conrad: a gift certificate to play a unique kind of game. In nary a nanosecond, Nicholas finds himself consumed by a dangerous set of ever-changing rules, unable to distinguish where the charade ends and reality begins.", "popularity": 26.947, "original_title": "The Game", "runtime": 129, "release_date": "1997-09-12", "vote_average": 7.562, "vote_count": 6021, "status": "Released", "tagline": "What do you get for the man who has everything?", "spoken_languages": "cn|de|en", "cast": "Michael Douglas|Sean Penn|Deborah Kara Unger|James Rebhorn|Peter Donat", "id": 2649}