{"overview": "Richard Dadier is a teacher at North Manual High School, an inner-city school where many of the pupils frequently engage in anti-social behavior. Dadier makes various attempts to engage the students' interest in education, challenging both the school staff and the pupils. He is subjected to violence as well as duplicitous schemes.", "popularity": 13.905, "original_title": "Blackboard Jungle", "runtime": 101, "release_date": "1955-03-25", "vote_average": 6.9, "vote_count": 133, "status": "Released", "tagline": "They turned a school into a jungle!", "spoken_languages": "en|it", "cast": "Glenn Ford|Anne Francis|Louis Calhern|Margaret Hayes|John Hoyt", "id": 26516}