{"overview": "Based on the true story of Valerie Solanas who was a 1960s radical preaching hatred toward men in her \"Scum\" manifesto. She wrote a screenplay for a film that she wanted Andy Warhol to produce, but he continued to ignore her. So she shot him. This is Valerie's story.", "popularity": 6.521, "original_title": "I Shot Andy Warhol", "runtime": 103, "release_date": "1996-05-01", "vote_average": 6.221, "vote_count": 77, "status": "Released", "tagline": "You only get one shot at fame.", "spoken_languages": "en", "cast": "Lili Taylor|Jared Harris|Martha Plimpton|Lothaire Bluteau|Anna Thomson", "id": 26890}