{"overview": "A young scientist working on an artificial intelligence project is the target of strange gremlin-like creatures, who are out to kill him and thus terminate his research. By coincidence, in one of the rooms he uses, there's a mysterious case containing the puppets of the \"puppet master\". When the puppets are brought to life, they help destroy the creatures.", "popularity": 6.349, "original_title": "Puppet Master 4", "runtime": 79, "release_date": "1993-11-24", "vote_average": 5.679, "vote_count": 106, "status": "Released", "tagline": "When Bad Puppets Turn Good", "spoken_languages": "es|en", "cast": "Gordon Currie|Chandra West|Ash Adams|Teresa Hill|Guy Rolfe", "id": 26957}