{"overview": "Five Green Berets stationed in Vietnam in 1968 grudgingly undertake the mission of a lifetime -- to secretly transport an 8,000-pound elephant through 200 miles of rough jungle terrain. High jinks prevail when Capt. Sam Cahill promises the Montagnard villagers of Dak Nhe that he'll replace their prized elephant in time for an important ritual. But for Capt. T.C. Doyle, the mission becomes a jumbo-sized headache!", "popularity": 11.098, "original_title": "Operation Dumbo Drop", "runtime": 107, "release_date": "1995-07-28", "vote_average": 5.084, "vote_count": 154, "status": "Released", "tagline": "A top-secret mission of gigantic proportions!", "spoken_languages": "en|es|vi", "cast": "Danny Glover|Ray Liotta|Denis Leary|Doug E. Doug|Corin Nemec", "id": 27281}