{"overview": "After three British agents are assigned to assassinate a mysterious German spy during World War I, two of them become ambivalent when their duty to the mission conflicts with their consciences.", "popularity": 6.881, "original_title": "Secret Agent", "runtime": 86, "release_date": "1936-05-31", "vote_average": 6.06, "vote_count": 134, "status": "Released", "tagline": "Dead Women Tell No Tales Was The Motto of This Charming Lady Killer!", "spoken_languages": "de|en", "cast": "Madeleine Carroll|John Gielgud|Peter Lorre|Robert Young|Percy Marmont", "id": 2761}