{"overview": "A young man carrying a big basket that contains his deformed Siamese-twin brother seeks vengeance on the doctors who separated them against their will.", "popularity": 9.346, "original_title": "Basket Case", "runtime": 91, "release_date": "1982-04-02", "vote_average": 6.4, "vote_count": 361, "status": "Released", "tagline": "The tenant in room 7 is very small, very twisted and very mad.", "spoken_languages": "en", "cast": "Kevin Van Hentenryck|Terri Susan Smith|Beverly Bonner|Robert Vogel|Diana Browne", "id": 27813}