{"overview": "A young aristocrat, Aleksei Fedyashev, is languishing in his family's country estate, spending his days reading poetry and confessing his love... to a statue. Upon hearing that famous Count Cagliostro is touring Russia and has created quite a buzz in high society with his \"magic\", he decides to ask the Count to bring the statue to life...", "popularity": 3.771, "original_title": "\u0424\u043e\u0440\u043c\u0443\u043b\u0430 \u043b\u044e\u0431\u0432\u0438", "runtime": 90, "release_date": "1984-12-30", "vote_average": 7.76, "vote_count": 50, "status": "Released", "tagline": "", "spoken_languages": "ru", "cast": "Nodar Mgaloblishvili|Aleksandr Abdulov|Semyon Farada|Leonid Bronevoy|Tatyana Pelttser", "id": 27940}