{"overview": "Set in a world where love is deemed illegal and can be eradicated with a special procedure. With 95 days to go until her scheduled treatment, Lena Holoway does the unthinkable, she falls in love.", "popularity": 8.278, "original_title": "Delirium", "runtime": 43, "release_date": "2014-06-20", "vote_average": 6.172, "vote_count": 93, "status": "Released", "tagline": "A brave new world without love", "spoken_languages": "en", "cast": "Emma Roberts|Gregg Sulkin|Ian Anthony Dale|Billy Campbell|Michael Michele", "id": 279828}