{"overview": "The story of Nola Darling's simultaneous sexual relationships with three different men is told by her and by her partners and other friends. All three men wanted her to commit solely to them; Nola resists being \"owned\" by a single partner.", "popularity": 8.448, "original_title": "She's Gotta Have It", "runtime": 84, "release_date": "1986-08-08", "vote_average": 6.6, "vote_count": 296, "status": "Released", "tagline": "A seriously sexy comedy.", "spoken_languages": "en", "cast": "Tracy Camilla Johns|Tommy Redmond Hicks|John Canada Terrell|Spike Lee|Raye Dowell", "id": 27995}