{"overview": "The stories of three lesbian couples -- who live in the same house at different periods of time -- who are at a crossroads in their lives. In 1961, Edith loses her lover, Abby, to a stroke. Linda and Amy struggle with feminist issues in 1972. And, in 2000, Kal and Fran try to have a baby with the help of sperm donor.", "popularity": 11.49, "original_title": "If These Walls Could Talk 2", "runtime": 96, "release_date": "2000-03-05", "vote_average": 6.705, "vote_count": 88, "status": "Released", "tagline": "Women love women.", "spoken_languages": "en", "cast": "Vanessa Redgrave|Michelle Williams|Ellen DeGeneres|Chlo\u00eb Sevigny|Marian Seldes", "id": 28031}