{"overview": "When a Black oil well worker is killed by a band of California neo-Nazis, his gun-wielding grandmother busts out of her retirement home to avenge him.", "popularity": 7.545, "original_title": "Surf Nazis Must Die", "runtime": 81, "release_date": "1987-07-03", "vote_average": 3.698, "vote_count": 96, "status": "Released", "tagline": "The Beaches Have Become Battlefields... The Waves Are A War Zone!", "spoken_languages": "en", "cast": "Gail Neely|Robert Harden|Barry Brenner|Dawn Wildsmith|Michael Sonye", "id": 28070}