{"overview": "Will Montgomery, a U.S. Army Staff Sergeant who has returned home from Iraq, is assigned to the Army\u2019s Casualty Notification service. Montgomery is partnered with Captain Tony Stone, to give notice to the families of fallen soldiers. The Sergeant is drawn to Olivia Pitterson, to whom he has delivered news of her husband\u2019s death.", "popularity": 9.425, "original_title": "The Messenger", "runtime": 113, "release_date": "2009-11-13", "vote_average": 6.755, "vote_count": 382, "status": "Released", "tagline": "The Scars of War Will Last Forever.", "spoken_languages": "en|es", "cast": "Ben Foster|Woody Harrelson|Jena Malone|Eamonn Walker|Samantha Morton", "id": 28089}