{"overview": "Bud Baxter is a minor clerk in a huge New York insurance company, until he discovers a quick way to climb the corporate ladder. He lends out his apartment to the executives as a place to take their mistresses. Although he often has to deal with the aftermath of their visits, one night he's left with a major problem to solve.", "popularity": 35.61, "original_title": "The Apartment", "runtime": 125, "release_date": "1960-06-21", "vote_average": 8.221, "vote_count": 2045, "status": "Released", "tagline": "Movie-wise, there has never been anything like it - laugh-wise, love-wise, or otherwise-wise!", "spoken_languages": "en", "cast": "Jack Lemmon|Shirley MacLaine|Fred MacMurray|Ray Walston|Jack Kruschen", "id": 284}