{"overview": "Literature professor Jim Bennett leads a secret life as a high-stakes gambler. Always a risk-taker, Bennett bets it all when he borrows from a gangster and offers his own life as collateral. Staying one step ahead, he pits his creditor against the operator of an illicit gambling ring while garnering the attention of Frank, a paternalistic loan shark. As his relationship with a student deepens, Bennett must risk everything for a second chance.", "popularity": 20.66, "original_title": "The Gambler", "runtime": 111, "release_date": "2014-12-25", "vote_average": 5.909, "vote_count": 1259, "status": "Released", "tagline": "The only way out is all in", "spoken_languages": "en", "cast": "Mark Wahlberg|John Goodman|Brie Larson|Michael Kenneth Williams|George Kennedy", "id": 284536}