{"overview": "A recently-deposed \"Estrovian\" monarch seeks shelter in New York City, where he becomes an accidental television celebrity. Later, he's wrongly accused of being a Communist and gets caught up in subsequent HUAC hearings.", "popularity": 9.886, "original_title": "A King in New York", "runtime": 104, "release_date": "1957-09-12", "vote_average": 6.818, "vote_count": 184, "status": "Released", "tagline": "The King of Comedians!", "spoken_languages": "en", "cast": "Charlie Chaplin|Maxine Audley|Jerry Desmonde|Oliver Johnston|Dawn Addams", "id": 28973}