{"overview": "Colin is a Catholic and George is a poetry-loving Protestant. In Belfast in the 1980s, they could have been enemies, but instead they became business partners. After persuading a mad wig salesman, known as the Scalper, to sell them his leads, the two embark on a series of house calls", "popularity": 1.886, "original_title": "An Everlasting Piece", "runtime": 103, "release_date": "2000-12-22", "vote_average": 5.9, "vote_count": 7, "status": "Released", "tagline": "Piece on Earth.", "spoken_languages": "en", "cast": "Barry McEvoy|Br\u00edan F. O'Byrne|Anna Friel|Pauline McLynn|Ruth McCabe", "id": 29122}