{"overview": "Jason Kelly is one week away from marrying his boss's uber-controlling daughter, putting him on the fast track for a partnership at the law firm. However, when the straight-laced Jason is tricked into driving his foul-mouthed grandfather, Dick, to Daytona for spring break, his pending nuptials are suddenly in jeopardy. Between riotous frat parties, bar fights, and an epic night of karaoke, Dick is on a quest to live his life to the fullest and bring Jason along for the ride.", "popularity": 46.018, "original_title": "Dirty Grandpa", "runtime": 102, "release_date": "2016-01-20", "vote_average": 5.919, "vote_count": 4154, "status": "Released", "tagline": "Jason is ready for adulthood. His grandpa isn't.", "spoken_languages": "en", "cast": "Robert De Niro|Zac Efron|Aubrey Plaza|Zoey Deutch|Julianne Hough", "id": 291870}