{"overview": "The American comedian/actor delivers a story about the alternative Hip Hop scene. A small town Ohio mans moves to Brooklyn, New York, to throw an unprecedented block party.", "popularity": 9.159, "original_title": "Dave Chappelle's Block Party", "runtime": 100, "release_date": "2005-09-12", "vote_average": 6.706, "vote_count": 102, "status": "Released", "tagline": "You're invited to the party of the decade!", "spoken_languages": "de|en", "cast": "Dave Chappelle|Erykah Badu|Common|Yasiin Bey|Bilal", "id": 292}