{"overview": "The origin story of former Special Forces operative turned mercenary Wade Wilson, who, after being subjected to a rogue experiment that leaves him with accelerated healing powers, adopts the alter ego Deadpool. Armed with his new abilities and a dark, twisted sense of humor, Deadpool hunts down the man who nearly destroyed his life.", "popularity": 92.18, "original_title": "Deadpool", "runtime": 108, "release_date": "2016-02-09", "vote_average": 7.607, "vote_count": 29028, "status": "Released", "tagline": "Witness the beginning of a happy ending.", "spoken_languages": "en", "cast": "Ryan Reynolds|Morena Baccarin|Ed Skrein|T.J. Miller|Gina Carano", "id": 293660}