{"overview": "Rookie police officer Jessica Loren has been assigned the last shift at a closing police station and must wait for a hazmat crew to collect biomedical evidence. Ordered not to leave the station under any circumstances, Jessica comes to learn that it's more than just an outdated station, it's home to the ultimate embodiment of evil and his devoted bloodthirsty followers. Jessica is left to fend for herself in the Devil's playground.", "popularity": 15.933, "original_title": "Last Shift", "runtime": 87, "release_date": "2014-10-25", "vote_average": 6.26, "vote_count": 535, "status": "Released", "tagline": "All Hail the King of Hell", "spoken_languages": "en", "cast": "Juliana Harkavy|Joshua Mikel|J. LaRose|Natalie Victoria|Sarah Sculco", "id": 296065}