{"overview": "Pleasantly plump teenager Tracy Turnblad auditions to be on Baltimore's most popular dance show - The Corny Collins Show - and lands a prime spot. Through her newfound fame, she becomes determined to help her friends and end the racial segregation that has been a staple of the show.", "popularity": 22.252, "original_title": "Hairspray", "runtime": 117, "release_date": "2007-07-19", "vote_average": 6.7, "vote_count": 2358, "status": "Released", "tagline": "When you follow your own beat, the world will follow you.", "spoken_languages": "en", "cast": "Nikki Blonsky|Zac Efron|John Travolta|Brittany Snow|Michelle Pfeiffer", "id": 2976}