{"overview": "After the 1860s Wild West, a group of misfit settlers - including ex-doctor Phil Taylor, prostitute Belle, and homosexual bookseller Julian - decide they cannot live in their current situation in the west. They hire a grizzled alcoholic wagon master by the name of James Harlow to take them on a journey back to their hometowns in the East.", "popularity": 9.143, "original_title": "Wagons East!", "runtime": 107, "release_date": "1994-08-16", "vote_average": 4.831, "vote_count": 83, "status": "Released", "tagline": "They came. They saw. They changed their minds.", "spoken_languages": "en|it", "cast": "John Candy|Richard Lewis|John C. McGinley|Ellen Greene|Robert Picardo", "id": 30114}