{"overview": "This documentary examines the Seattle scene as it became the focus of a merging of punk rock, heavy metal, and innovation. Building from the grass roots, self-promoted and self-recorded until break-out success of bands like Nirvana brought the record industry to the Pacific Northwest, a phenomenon was born.", "popularity": 3.626, "original_title": "Hype!", "runtime": 84, "release_date": "1996-11-08", "vote_average": 7.389, "vote_count": 45, "status": "Released", "tagline": "", "spoken_languages": "en", "cast": "Valerie M. Agnew|Carrie Akre|Jeff Ament|Michael Anderson|Mark Arm", "id": 30180}