{"overview": "Dr. Henry Jekyll believes that there are two distinct sides to men - a good and an evil side. He believes that by separating the two, man can become liberated. He succeeds in his experiments with chemicals to accomplish this and transforms into Hyde to commit horrendous crimes. When he discontinues use of the drug, it is already too late.", "popularity": 14.326, "original_title": "Dr. Jekyll and Mr. Hyde", "runtime": 98, "release_date": "1931-12-24", "vote_average": 7.276, "vote_count": 244, "status": "Released", "tagline": "Put yourself in her place! The dreaded night when her lover became a madman!", "spoken_languages": "en", "cast": "Fredric March|Miriam Hopkins|Rose Hobart|Holmes Herbert|Halliwell Hobbes", "id": 3019}