{"overview": "Dr. Henry Frankenstein attempts to create life by assembling a creature from body parts of the deceased. Aided by his loyal misshapen assistant, Fritz, Frankenstein succeeds in animating his monster, but, confused and traumatized, it escapes into the countryside and begins to wreak havoc. Frankenstein searches for the elusive being and eventually must confront his tormented creation.", "popularity": 23.887, "original_title": "Frankenstein", "runtime": 70, "release_date": "1931-11-21", "vote_average": 7.493, "vote_count": 1410, "status": "Released", "tagline": "THE MAN WHO MADE A MONSTER", "spoken_languages": "en", "cast": "Colin Clive|Mae Clarke|John Boles|Boris Karloff|Edward Van Sloan", "id": 3035}