{"overview": "One man does all he can to veil his Asian heritage; the other takes great pains to hide his sexual orientation. Both of these things begin to change when Ryan is hired to prepare film star Ning for a fashion shoot, and the men develop a bond.", "popularity": 3.85, "original_title": "Front Cover", "runtime": 87, "release_date": "2016-08-05", "vote_average": 5.882, "vote_count": 17, "status": "Released", "tagline": "Love is always in style.", "spoken_languages": "cn|zh|en", "cast": "Jake Choi|James Chen|Elizabeth Sung|Jennifer Neala Page|Sonia Villani", "id": 303854}