{"overview": "American soldiers of the 2/3 Field Artillery, a group known as the \"Gunners,\" tell of their experiences in Baghdad during the Iraq War. Holed up in a bombed out pleasure palace built by Sadaam Hussein, the soldiers endured hostile situations some four months after President George W. Bush declared the end of major combat operations in the country.", "popularity": 1.204, "original_title": "Gunner Palace", "runtime": 85, "release_date": "2004-09-11", "vote_average": 6.3, "vote_count": 20, "status": "Released", "tagline": "", "spoken_languages": "en", "cast": "Bryant Davis|Devon Dixon|Javorn Drummond|Elliot Lovett|Nick Moncrief", "id": 30856}