{"overview": "Based on the best-seller book 'The Little Prince', the movie tells the story of a little girl that lives with resignation in a world where efficiency and work are the only dogmas. Everything will change when accidentally she discovers her neighbor that will tell her about the story of the Little Prince that he once met.", "popularity": 20.959, "original_title": "The Little Prince", "runtime": 108, "release_date": "2015-07-29", "vote_average": 7.604, "vote_count": 2615, "status": "Released", "tagline": "Growing up isn't the problem... forgetting is.", "spoken_languages": "en", "cast": "Riley Osborne|Mackenzie Foy|Jeff Bridges|Rachel McAdams|Marion Cotillard", "id": 309809}