{"overview": "Anatoly Novoseltsev is a mousy single father and office stumblebum working at a statistics bureau in Moscow. In the hopes of being promoted, he is coaxed into charming his disagreeable and seemingly unfeeling boss, Ludmila Kalugina, or \"Meany\" as she's otherwise known by her subordinates. Helped by his colleagues Olya and Yura, Anatoly attempts to ease the yoke of Ms. Kalugina, and what follows in the wake of his graceless manoeuvres is completely unforeseen, as he awakens a side to her not yet known, even to herself..", "popularity": 8.589, "original_title": "\u0421\u043b\u0443\u0436\u0435\u0431\u043d\u044b\u0439 \u0440\u043e\u043c\u0430\u043d", "runtime": 159, "release_date": "1977-10-26", "vote_average": 8.116, "vote_count": 198, "status": "Released", "tagline": "", "spoken_languages": "ru", "cast": "Alisa Freyndlikh|Andrey Myagkov|Svetlana Nemolyaeva|Liya Akhedzhakova|Oleg Basilashvili", "id": 31139}