{"overview": "At the turn of the 20th century, young Asa Yoelson decides to go against the wishes of his cantor father and pursue a career in show business. Gradually working his way up through the vaudeville ranks, Asa \u2014 now calling himself Al Jolson \u2014 joins a blackface minstrel troupe and soon builds a reputation as a consummate performer. But as his career grows in size, so does his ego, resulting in battles in business as well as in his personal life.", "popularity": 3.311, "original_title": "The Jolson Story", "runtime": 128, "release_date": "1946-10-10", "vote_average": 6.7, "vote_count": 16, "status": "Released", "tagline": "The Music... The Magic... The Times... of America's Greatest Entertainer.", "spoken_languages": "en", "cast": "Larry Parks|Evelyn Keyes|William Demarest|Bill Goodwin|Ludwig Donath", "id": 31206}