{"overview": "Liquidated after discovering a corporate conspiracy, mild-mannered graphic artist Patience Phillips washes up on an island, where she's resurrected and endowed with the prowess of a cat \u2014 and she's eager to use her new skills... as a vigilante. Before you can say \"cat and mouse\", handsome gumshoe Tom Lone is on her tail, fascinated by both of her personas.", "popularity": 24.433, "original_title": "Catwoman", "runtime": 104, "release_date": "2004-07-22", "vote_average": 4.588, "vote_count": 3105, "status": "Released", "tagline": "You can\u2019t CATch her.", "spoken_languages": "es|en", "cast": "Halle Berry|Benjamin Bratt|Sharon Stone|Lambert Wilson|Frances Conroy", "id": 314}