{"overview": "Eleven-year-old North has had it with his parents. They are always busy with their careers and don't give North the attention he needs, so he files a lawsuit against them. The judge rules that North should either find new parents or return to his own parents within two months. Thus North starts off on a journey around the world to find parents that really care about him.", "popularity": 9.684, "original_title": "North", "runtime": 87, "release_date": "1994-07-22", "vote_average": 5.035, "vote_count": 229, "status": "Released", "tagline": "A family comedy that appeals to the child in everyone.", "spoken_languages": "en", "cast": "Elijah Wood|Jon Lovitz|Jason Alexander|Alan Arkin|Dan Aykroyd", "id": 31586}