{"overview": "A man who has failed as a father and husband commits a heist to make money for his fledging business, but things become complicated when his wife interferes.", "popularity": 9.579, "original_title": "Blood and Wine", "runtime": 101, "release_date": "1996-10-03", "vote_average": 5.718, "vote_count": 147, "status": "Released", "tagline": "There is no honour amongst thieves.", "spoken_languages": "en", "cast": "Jack Nicholson|Stephen Dorff|Jennifer Lopez|Judy Davis|Michael Caine", "id": 31640}