{"overview": "During the Second World War, a special project is begun by the US Army Air Corps to integrate African American pilots into the Fighter Pilot Program. Known as the \"Tuskegee Airman\" for the name of the airbase at which they were trained, these men were forced to constantly endure harassement, prejudice, and much behind the scenes politics until at last they were able to prove themselves in combat.", "popularity": 10.021, "original_title": "The Tuskegee Airmen", "runtime": 106, "release_date": "1995-08-25", "vote_average": 7.027, "vote_count": 110, "status": "Released", "tagline": "The right spirit. The right attitude. The wrong color.", "spoken_languages": "en", "cast": "Laurence Fishburne|Allen Payne|Malcolm-Jamal Warner|Courtney B. Vance|Andre Braugher", "id": 31894}