{"overview": "Hailed as one of the most innovative and intimate documentaries of all time, experience Kurt Cobain like never before in the only ever fully authorized portrait of the famed music icon. Academy Award nominated filmmaker Brett Morgen expertly blends Cobain's personal archive of art, music, never seen before movies, animation and revelatory interviews from his family and closest friends.", "popularity": 14.207, "original_title": "Cobain: Montage of Heck", "runtime": 132, "release_date": "2015-03-23", "vote_average": 7.7, "vote_count": 659, "status": "Released", "tagline": "", "spoken_languages": "en", "cast": "Kurt Cobain|Courtney Love|Krist Novoselic|Dave Grohl|Frances Bean Cobain", "id": 319075}