{"overview": "The story of Charlie Darby, who has everything going for him: a great job, friends, family, the whole package. The one thing Charlie doesn't have is love, because every time he gets close, he goes clinically insane. When he meets the perfect girl, Charlie must overcome his psychosis to claim his chance at true love.", "popularity": 6.283, "original_title": "Lovesick", "runtime": 100, "release_date": "2014-04-24", "vote_average": 4.932, "vote_count": 66, "status": "Released", "tagline": "Love Hurts", "spoken_languages": "en", "cast": "Matt LeBlanc|Ali Larter|Rachael Harris|Ashley Williams|Chevy Chase", "id": 319389}