{"overview": "An advertising executive dreams of getting out of the city and building a perfect home in the country, only to find the transition fraught with problems.", "popularity": 9.079, "original_title": "Mr. Blandings Builds His Dream House", "runtime": 94, "release_date": "1948-03-25", "vote_average": 7.0, "vote_count": 166, "status": "Released", "tagline": "Looks like the Blandings will have no heating problem!", "spoken_languages": "en", "cast": "Cary Grant|Myrna Loy|Melvyn Douglas|Reginald Denny|Sharyn Moffett", "id": 32294}