{"overview": "All roads lead to magical, merry Toyland as Mary Contrary and Tom Piper prepare for their wedding! But villainous Barnaby wants Mary for himself, so he kidnaps Tom, setting off a series of comic chases, searches, and double-crosses! The \"March Of The Wooden Soldiers\" helps put Barnaby in his place, and ensures a \"happily ever after\" for Tom and Mary!", "popularity": 10.403, "original_title": "Babes in Toyland", "runtime": 106, "release_date": "1961-12-14", "vote_average": 5.9, "vote_count": 76, "status": "Released", "tagline": "The happiest, most delightful musical comedy of your lifetime!", "spoken_languages": "en", "cast": "Ray Bolger|Tommy Sands|Annette Funicello|Ed Wynn|Tommy Kirk", "id": 32611}