{"overview": "An upper middle-class housewife suffering from various unexplained symptoms of illness comes to believe that she is suffering from multiple chemical sensitivity and moves into a secluded facility to recover.", "popularity": 10.853, "original_title": "Safe", "runtime": 119, "release_date": "1995-06-23", "vote_average": 6.9, "vote_count": 261, "status": "Released", "tagline": "In the 21st century nobody will be\u2026 Safe.", "spoken_languages": "en|es", "cast": "Julianne Moore|Xander Berkeley|Peter Friedman|Susan Norman|Martha Velez", "id": 32646}