{"overview": "Moritaka Mashiro doesn't want to follow in the path of his uncle who worked as a manga artist, but ultimately died because of exhaustion. Moritaka Mashiro figures he will graduate from school and work at an office. Things change though when falls in love with a girl at school. The girl, who hopes to become a voice actress, tells Moritaka they can marry, but only after they both achieve their dreams. Moritaka then teams up with fellow classmate Akito Takagi to publish their first manga.", "popularity": 5.747, "original_title": "\u30d0\u30af\u30de\u30f3\u3002", "runtime": 119, "release_date": "2015-10-03", "vote_average": 6.398, "vote_count": 49, "status": "Released", "tagline": "", "spoken_languages": "ja", "cast": "Takeru Satoh|Ryunosuke Kamiki|Nana Komatsu|Kenta Kiritani|Hirofumi Arai", "id": 327536}