{"overview": "God lives in Brussels. On Earth though, God is a coward, with pathetical morals and being odious with his family. His daughter, Ea, is bored at home and can't stand being locked up in a small apartment in ordinary Brussels, until the day she decides to revolt against her dad...", "popularity": 15.456, "original_title": "Le tout nouveau testament", "runtime": 114, "release_date": "2015-09-02", "vote_average": 6.655, "vote_count": 1516, "status": "Released", "tagline": "God Exists. He Lives in Brussels with his teenage daughter.", "spoken_languages": "fr", "cast": "Pili Groyne|Beno\u00eet Poelvoorde|Yolande Moreau|Catherine Deneuve|Fran\u00e7ois Damiens", "id": 330764}