{"overview": "Greg Heffley is headed for big things, but first he has to survive the scariest, most humiliating experience of any kid\u2019s life \u2013 middle school! That won\u2019t be easy, considering he\u2019s surrounded by hairy-freckled morons, wedgie-loving bullies and a moldy slice of cheese with nuclear cooties!", "popularity": 51.343, "original_title": "Diary of a Wimpy Kid", "runtime": 92, "release_date": "2010-03-19", "vote_average": 6.219, "vote_count": 1460, "status": "Released", "tagline": "It's not a diary, it's a movie.", "spoken_languages": "en", "cast": "Zachary Gordon|Robert Capron|Steve Zahn|Devon Bostick|Rachael Harris", "id": 33217}