{"overview": "Jackie-O is anxiously awaiting the visit of her brother home for Thanksgiving, but isn't expecting him to bring a friend \u2014 and she's even more shocked to learn that this friend is his fiance. It soon becomes clear that her obsession with Jackie Kennedy is nothing compared to her obsession with her brother, and she isn't the only member of the family with problems.", "popularity": 7.522, "original_title": "The House of Yes", "runtime": 85, "release_date": "1997-10-10", "vote_average": 6.225, "vote_count": 89, "status": "Released", "tagline": "Enter at your own risk.", "spoken_languages": "en", "cast": "Parker Posey|Josh Hamilton|Tori Spelling|Freddie Prinze Jr.|Genevi\u00e8ve Bujold", "id": 33344}