{"overview": "When disaster hits the Titanic, the Doctor uncovers a threat to the whole human race. Battling alongside aliens, saboteurs, robot Angels and a new friend called Astrid, can he stop the Christmas inferno?", "popularity": 9.095, "original_title": "Doctor Who: Voyage of the Damned", "runtime": 72, "release_date": "2007-12-25", "vote_average": 7.5, "vote_count": 178, "status": "Released", "tagline": "", "spoken_languages": "en", "cast": "David Tennant|Kylie Minogue|Russell Tovey|Jimmy Vee|Clive Swift", "id": 335209}