{"overview": "Keong comes from Hong Kong to visit New York for his uncle's wedding. His uncle runs a market in the Bronx and Keong offers to help out while Uncle is on his honeymoon. During his stay in the Bronx, Keong befriends a neighbor kid and beats up some neighborhood thugs who cause problems at the market. One of those petty thugs in the local gang stumbles into a criminal situation way over his head.", "popularity": 25.118, "original_title": "\u7d05\u756a\u5340", "runtime": 104, "release_date": "1995-01-21", "vote_average": 6.821, "vote_count": 920, "status": "Released", "tagline": "No Fear. No Stuntman. No Equal.", "spoken_languages": "cn|en", "cast": "Jackie Chan|Anita Mui|Bill Tung|Fran\u00e7oise Yip|Wakin Chau", "id": 33542}