{"overview": "When happy family man Joe Dirt finds himself transported to the recent past, he begins an epic journey to get back to his loved ones in the present.", "popularity": 12.098, "original_title": "Joe Dirt 2: Beautiful Loser", "runtime": 107, "release_date": "2015-07-16", "vote_average": 4.947, "vote_count": 141, "status": "Released", "tagline": "Go Hick Yourself", "spoken_languages": "en", "cast": "David Spade|Brittany Daniel|Patrick Warburton|Mark McGrath|Dennis Miller", "id": 335970}