{"overview": "Young Bart Collins lives with his widowed mother Heloise. The major blight on Bart's existence is the hated piano lessons he is forced to endure under the tutelage of the autocratic Dr. Terwilliker. Bart feels that his mother has fallen under Terwilliker's sinister influence, and gripes to visiting plumber August Zabladowski, without much result. While grimly hammering away at his lessons, Bart dozes off and enters a fantastical musical dream.", "popularity": 6.128, "original_title": "The 5,000 Fingers of Dr. T.", "runtime": 89, "release_date": "1953-06-19", "vote_average": 6.245, "vote_count": 53, "status": "Released", "tagline": "The Wonder Musical of the Future!", "spoken_languages": "en", "cast": "Peter Lind Hayes|Mary Healy|Hans Conried|Tommy Rettig|Noel Cravat", "id": 33743}