{"overview": "The story of Captain Richard Francis Burton's and Lt. John Hanning Speke's expedition to find the source of the Nile river in the name of Queen Victoria's British Empire. The film tells the story of their meeting, their friendship emerging amidst hardship, and then dissolving after their journey.", "popularity": 9.016, "original_title": "Mountains of the Moon", "runtime": 136, "release_date": "1990-02-16", "vote_average": 6.4, "vote_count": 65, "status": "Released", "tagline": "Two strangers made friends by a savage land. Two friends made enemies by the civilized world.", "spoken_languages": "en", "cast": "Patrick Bergin|Iain Glen|Richard E. Grant|Fiona Shaw|John Savident", "id": 33796}