{"overview": "Alex Kerner's mother was in a coma while the Berlin wall fell. When she wakes up he must try to keep her from learning what happened (as she was an avid communist supporter) to avoid shocking her which could lead to another heart attack.", "popularity": 15.126, "original_title": "Good Bye, Lenin!", "runtime": 121, "release_date": "2003-02-13", "vote_average": 7.56, "vote_count": 2212, "status": "Released", "tagline": "", "spoken_languages": "de", "cast": "Daniel Br\u00fchl|Katrin Sass|Chulpan Khamatova|Maria Simon|Florian Lukas", "id": 338}