{"overview": "After a publisher changes a writer's debut novel about a deadly assassin from fiction to nonfiction, the author finds himself thrust into the world of his lead character, and must take on the role of his character for his own survival.", "popularity": 16.76, "original_title": "True Memoirs of an International Assassin", "runtime": 98, "release_date": "2016-11-11", "vote_average": 5.744, "vote_count": 737, "status": "Released", "tagline": "The man. The myth. The memoirs.", "spoken_languages": "en", "cast": "Kevin James|Kim Coates|Maurice Compte|Zulay Henao|Andrew Howard", "id": 339396}