{"overview": "A man and his son take an allegorical stroll through life with a talking bird that spouts social and political philosophy.", "popularity": 8.383, "original_title": "Uccellacci e uccellini", "runtime": 85, "release_date": "1966-05-04", "vote_average": 7.266, "vote_count": 301, "status": "Released", "tagline": "An off-beat comedy about serious matters by PIER PAOLO PASOLINI.", "spoken_languages": "it", "cast": "Tot\u00f2|Ninetto Davoli|Femi Benussi|Umberto Bevilacqua|Renato Capogna", "id": 33954}