{"overview": "The story of CARGO takes place on rusty space-freighter KASSANDRA on its way to Station 42. The young medic LAURA is the only one awake on board while the rest of the crew lies frozen in hibernation sleep. In 4 months will Laura's shift be over.", "popularity": 9.427, "original_title": "Cargo", "runtime": 120, "release_date": "2009-09-24", "vote_average": 5.9, "vote_count": 353, "status": "Released", "tagline": "Space Is Cold", "spoken_languages": "de|ja", "cast": "Martin Rapold|Anna-Katharina Schwabroh|Regula Grauwiller|Yangzom Brauen|Michael Finger", "id": 34069}