{"overview": "A crew of Martians overhears a radio broadcast of Orson Welles' \"War of the Worlds\" coming from Earth, and, thinking the Martian fleet is attacking Earth, they land their broken-down ship in a backwater mid-American town. As luck would have it, they land on Halloween and get mistaken for trick-or-treaters. Comedy ensues as the Martians try to get taken seriously.", "popularity": 6.873, "original_title": "Spaced Invaders", "runtime": 100, "release_date": "1990-04-27", "vote_average": 4.881, "vote_count": 67, "status": "Released", "tagline": "", "spoken_languages": "en", "cast": "Douglas Barr|Royal Dano|Ariana Richards|J.J. Anderson|Gregg Berger", "id": 34086}