{"overview": "The young Harold lives in his own world of suicide-attempts and funeral visits to avoid the misery of his current family and home environment. Harold meets an 80-year-old woman named Maude who also lives in her own world yet one in which she is having the time of her life. When the two opposites meet they realize that their differences don\u2019t matter and they become best friends and love each other.", "popularity": 12.245, "original_title": "Harold and Maude", "runtime": 91, "release_date": "1971-12-20", "vote_average": 7.603, "vote_count": 980, "status": "Released", "tagline": "They were meant to be. But exactly what they were meant to be is not quite clear.", "spoken_languages": "en", "cast": "Ruth Gordon|Bud Cort|Vivian Pickles|Cyril Cusack|Charles Tyner", "id": 343}