{"overview": "Aaron's father's funeral is today at the family home, and everything goes wrong: the funeral home delivers the wrong body, his cousin accidentally drugs her fianc\u00e9, and Aaron's successful younger brother, Ryan, flies in from New York, broke but arrogant. To top it all off, a mysterious stranger wants a word with Aaron.", "popularity": 23.703, "original_title": "Death at a Funeral", "runtime": 92, "release_date": "2010-04-15", "vote_average": 5.788, "vote_count": 895, "status": "Released", "tagline": "This is one sad family.", "spoken_languages": "en", "cast": "Chris Rock|Martin Lawrence|Zoe Salda\u00f1a|Tracy Morgan|Regina Hall", "id": 34803}