{"overview": "British diplomat Robert Conway and a small group of civilians crash land in the Himalayas, and are rescued by the people of the mysterious, Eden-like valley of Shangri-la. Protected by the mountains from the world outside, where the clouds of World War II are gathering, Shangri-la provides a seductive escape for the world-weary Conway.", "popularity": 9.613, "original_title": "Lost Horizon", "runtime": 132, "release_date": "1937-03-03", "vote_average": 7.059, "vote_count": 186, "status": "Released", "tagline": "At last! The masterpiece of America's foremost film genius blazes to the screen!", "spoken_languages": "zh|en|es", "cast": "Ronald Colman|Jane Wyatt|Edward Everett Horton|John Howard|Thomas Mitchell", "id": 3598}