{"overview": "China, during the rule of the Qing Dynasty. The arranged marriage between Wang Lung, a humble farmer, and O-Lan, a domestic slave, will endure the many hardships of life over the years; but the temptations of a fragile prosperity will endanger their love and the survival of their entire family.", "popularity": 7.736, "original_title": "The Good Earth", "runtime": 139, "release_date": "1937-06-02", "vote_average": 6.2, "vote_count": 60, "status": "Released", "tagline": "China\u2026 Land of unrest\u2026 Tomorrow they may starve!", "spoken_languages": "en", "cast": "Paul Muni|Luise Rainer|Walter Connolly|Tilly Losch|Charley Grapewin", "id": 36652}