{"overview": "When a cure is found to treat mutations, lines are drawn amongst the X-Men\u2014led by Professor Charles Xavier\u2014and the Brotherhood, a band of powerful mutants organised under Xavier's former ally, Magneto.", "popularity": 1.781, "original_title": "X-Men: The Last Stand", "runtime": 104, "release_date": "2006-05-24", "vote_average": 6.405, "vote_count": 9043, "status": "Released", "tagline": "Take a stand.", "spoken_languages": "en", "cast": "Hugh Jackman|Ian McKellen|Patrick Stewart|Famke Janssen|Halle Berry", "id": 36668}