{"overview": "An aspiring actor in Hollywood meets an enigmatic stranger by the name of Tommy Wiseau, the meeting leads the actor down a path nobody could have predicted; creating the worst movie ever made.", "popularity": 15.241, "original_title": "The Disaster Artist", "runtime": 104, "release_date": "2017-03-12", "vote_average": 7.111, "vote_count": 3331, "status": "Released", "tagline": "I did naaaht! Oh, hi Mark", "spoken_languages": "en", "cast": "James Franco|Dave Franco|Seth Rogen|Alison Brie|Ari Graynor", "id": 371638}