{"overview": "Catalan architect Antonio Gaud\u00ed (1852-1926) designed some of the world's most astonishing buildings, interiors, and parks; Japanese director Hiroshi Teshigahara constructed some of the most aesthetically audacious films ever made. With camera work as bold and sensual as the curves of his subject's organic structures, Teshigahara immortalizes Gaud\u00ed on film.", "popularity": 3.9, "original_title": "\u30a2\u30f3\u30c8\u30cb\u30fc\u30fb\u30ac\u30a6\u30c7\u30a3\u30fc", "runtime": 72, "release_date": "1984-07-09", "vote_average": 7.4, "vote_count": 29, "status": "Released", "tagline": "", "spoken_languages": "ja|es", "cast": "Isidro Puig Boada|Seiji Miyaguchi", "id": 37239}