{"overview": "Nate Foster, a young, idealistic FBI agent, goes undercover to take down a radical white supremacy terrorist group. The bright up-and-coming analyst must confront the challenge of sticking to a new identity while maintaining his real principles as he navigates the dangerous underworld of white supremacy. Inspired by real events.", "popularity": 19.58, "original_title": "Imperium", "runtime": 109, "release_date": "2016-08-19", "vote_average": 6.455, "vote_count": 1246, "status": "Released", "tagline": "Defend your nation. Become your enemy.", "spoken_languages": "en", "cast": "Daniel Radcliffe|Toni Collette|Tracy Letts|Sam Trammell|Nestor Carbonell", "id": 374617}