{"overview": "On the eve of a Kate's 30th birthday, she agrees to let her two lifelong friends, Evie and Charlie, throw her a party. But what's supposed to be a simple celebration becomes a wild who's who of past and present, and things quickly spiral out of control.", "popularity": 5.13, "original_title": "Dirty 30", "runtime": 87, "release_date": "2016-09-23", "vote_average": 5.8, "vote_count": 78, "status": "Released", "tagline": "", "spoken_languages": "en", "cast": "Grace Helbig|Mamrie Hart|Hannah Hart|Matt Dellapina|Adam Lustick", "id": 377492}