{"overview": "Set in 1929, a political boss and his advisor have a parting of the ways when they both fall for the same woman.", "popularity": 17.518, "original_title": "Miller's Crossing", "runtime": 115, "release_date": "1990-09-21", "vote_average": 7.455, "vote_count": 1496, "status": "Released", "tagline": "Up is down, black is white, and nothing is what it seems.", "spoken_languages": "en|ga|it|yi", "cast": "Gabriel Byrne|Albert Finney|Jon Polito|Marcia Gay Harden|John Turturro", "id": 379}