{"overview": "When car dealer Charlie Babbitt learns that his estranged father has died, he returns home to Cincinnati, where he discovers that he has a savant older brother named Raymond and that his father's $3 million fortune is being left to the mental institution in which Raymond lives. Motivated by his father's money, Charlie checks Raymond out of the facility in order to return with him to Los Angeles. The brothers' cross-country trip ends up changing both their lives.", "popularity": 29.399, "original_title": "Rain Man", "runtime": 134, "release_date": "1988-12-12", "vote_average": 7.759, "vote_count": 5861, "status": "Released", "tagline": "A journey through understanding and fellowship.", "spoken_languages": "it|en", "cast": "Dustin Hoffman|Tom Cruise|Valeria Golino|Gerald R. Molen|Jack Murdock", "id": 380}