{"overview": "Two married couples find only trouble and heartache as their complicated lives unfold. After 40 years of marriage, Alfie leaves his wife to pursue what he thinks is happiness with a call girl. His wife, Helena, reeling from abandonment, decides to follow the advice of a psychic. Sally, the daughter of Alfie and Helena, is unhappy in her marriage and develops a crush on her boss, while her husband, Roy, falls for a woman engaged to be married.", "popularity": 11.879, "original_title": "You Will Meet a Tall Dark Stranger", "runtime": 98, "release_date": "2010-09-22", "vote_average": 5.916, "vote_count": 795, "status": "Released", "tagline": "", "spoken_languages": "en", "cast": "Gemma Jones|Pauline Collins|Anthony Hopkins|Naomi Watts|Josh Brolin", "id": 38031}