{"overview": "18 Again! is a 1988 comedy film starring George Burns and Charlie Schlatter. The plot involves a grandson switching souls with his grandfather by means of an accident. This was one of a series of unrelated films, including Like Father, Like Son and Vice Versa, produced in the late 1980s involving a similar plotline.", "popularity": 8.442, "original_title": "18 Again!", "runtime": 100, "release_date": "1988-04-08", "vote_average": 5.671, "vote_count": 70, "status": "Released", "tagline": "His mind was 81. His body was 18. When Jack Watson found his fountain of youth, it overflowed with comedy.", "spoken_languages": "en", "cast": "George Burns|Charlie Schlatter|Tony Roberts|Miriam Flynn|Red Buttons", "id": 38965}