{"overview": "Bardock, Son Goku's father, is a low-ranking Saiyan soldier who was given the power to see into the future by the last remaining alien on a planet he just destroyed. He witnesses the destruction of his race and must now do his best to stop Frieza's impending massacre.", "popularity": 69.09, "original_title": "\u30c9\u30e9\u30b4\u30f3\u30dc\u30fc\u30ebZ \u305f\u3063\u305f\u3072\u3068\u308a\u306e\u6700\u7d42\u6c7a\u6226\u301c\u30d5\u30ea\u30fc\u30b6\u306b\u6311\u3093\u3060Z\u6226\u58eb \u5b6b\u609f\u7a7a\u306e\u7236\u301c", "runtime": 48, "release_date": "1990-10-17", "vote_average": 7.525, "vote_count": 605, "status": "Released", "tagline": "", "spoken_languages": "ja", "cast": "Masako Nozawa|Kazuyuki Sogabe|Yuko Mita|Takeshi Watabe|Kozo Shioya", "id": 39323}