{"overview": "The second \"visual album\" (a collection of short films) by Beyonc\u00e9, this time around she takes a piercing look at racial issues and feminist concepts through a sexualized, satirical, and solemn tone.", "popularity": 8.738, "original_title": "Lemonade", "runtime": 65, "release_date": "2016-04-23", "vote_average": 8.497, "vote_count": 147, "status": "Released", "tagline": "", "spoken_languages": "en", "cast": "Beyonc\u00e9|Jay-Z|Serena Williams|Zendaya|Quvenzhan\u00e9 Wallis", "id": 394269}