{"overview": "After Paul D. finds his old slave friend Sethe in Ohio and moves in with her and her daughter Denver, a strange girl comes along by the name of \"Beloved\". Sethe and Denver take her in and then strange things start to happen...", "popularity": 11.934, "original_title": "Beloved", "runtime": 172, "release_date": "1998-10-16", "vote_average": 5.6, "vote_count": 89, "status": "Released", "tagline": "The past has a life of its own.", "spoken_languages": "en", "cast": "Oprah Winfrey|Danny Glover|Thandiwe Newton|Kimberly Elise|LisaGay Hamilton", "id": 39437}