{"overview": "A history professor and his wife entertain a young couple who are new to the university's faculty. As the drinks flow, secrets come to light, and the middle-aged couple unload onto their guests the full force of the bitterness, dysfunction, and animosity that defines their marriage.", "popularity": 13.609, "original_title": "Who's Afraid of Virginia Woolf?", "runtime": 131, "release_date": "1966-06-22", "vote_average": 7.744, "vote_count": 739, "status": "Released", "tagline": "You are cordially invited to George and Martha's for an evening of fun and games", "spoken_languages": "en|la", "cast": "Richard Burton|Elizabeth Taylor|George Segal|Sandy Dennis|Agnes Flanagan", "id": 396}