{"overview": "In the future, an outbreak of canine flu leads the mayor of a Japanese city to banish all dogs to an island used as a garbage dump. The outcasts must soon embark on an epic journey when a 12-year-old boy arrives on the island to find his beloved pet.", "popularity": 21.245, "original_title": "Isle of Dogs", "runtime": 101, "release_date": "2018-03-23", "vote_average": 7.855, "vote_count": 4481, "status": "Released", "tagline": "Welcome to the Isle of Dogs.", "spoken_languages": "en|ja", "cast": "Bryan Cranston|Koyu Rankin|Bob Balaban|Edward Norton|Bill Murray", "id": 399174}