{"overview": "In order to impress his beautiful French neighbor, Dylan Ramsey dognaps her pet pooch so he can return him and become a hero.", "popularity": 9.724, "original_title": "Lost & Found", "runtime": 95, "release_date": "1999-04-23", "vote_average": 5.159, "vote_count": 85, "status": "Released", "tagline": "A comedy about a guy who would do anything to get the girl of his dreams - and did!", "spoken_languages": "en", "cast": "David Spade|Sophie Marceau|Ever Carradine|Stephanie Chang|Neal MacMillan", "id": 39964}