{"overview": "Connie Doyle is eighteen, pregnant and alone. She accidentally ends up on a train where she meets Hugh Winterbourne and his wife pregnant Patricia. The train wrecks and she wakes up in the hospital to find out that it's been assumed that she's Patricia. Hugh's mother takes her in and she falls in love with Hugh's brother Bill. Just when she thinks everything is going her way, her ex-boyfriend shows up.", "popularity": 9.452, "original_title": "Mrs. Winterbourne", "runtime": 105, "release_date": "1996-04-19", "vote_average": 6.7, "vote_count": 135, "status": "Released", "tagline": "The story of a girl who is going from filthy to rich", "spoken_languages": "en", "cast": "Shirley MacLaine|Ricki Lake|Brendan Fraser|Miguel Sandoval|Loren Dean", "id": 40001}