{"overview": "Detective Roger Mortis is killed in action while investigating a string of mysterious robberies: until he's brought back from the dead with a chemical company's secret re-animation technology. Now he has 12 hours to solve the case of his own death before he dies: And stays dead.", "popularity": 15.162, "original_title": "Dead Heat", "runtime": 86, "release_date": "1988-05-06", "vote_average": 6.1, "vote_count": 168, "status": "Released", "tagline": "You can't keep a good cop dead.", "spoken_languages": "en", "cast": "Treat Williams|Joe Piscopo|Lindsay Frost|Darren McGavin|Vincent Price", "id": 40095}