{"overview": "The story of August Pullman \u2013 a boy with facial differences \u2013 who enters fifth grade, attending a mainstream elementary school for the first time.", "popularity": 37.226, "original_title": "Wonder", "runtime": 113, "release_date": "2017-11-13", "vote_average": 8.151, "vote_count": 7454, "status": "Released", "tagline": "Who gives you the courage to face the world?", "spoken_languages": "en", "cast": "Jacob Tremblay|Julia Roberts|Owen Wilson|Izabela Vidovic|Noah Jupe", "id": 406997}