{"overview": "When a motorbike gang kills an occultist, the evil spirit he was summoning inhabits a damaged bike. The bike is then bought and restored, but reveals its true nature when it tries to exact vengance on the gang, and anyone else who gets in its way.", "popularity": 4.209, "original_title": "I Bought a Vampire Motorcycle", "runtime": 101, "release_date": "1990-07-06", "vote_average": 5.7, "vote_count": 35, "status": "Released", "tagline": "Most motorcycles run on petrol, this one runs on blood!", "spoken_languages": "en", "cast": "Neil Morrissey|Amanda Noar|Michael Elphick|Anthony Daniels|Andrew Powell", "id": 41153}