{"overview": "A poor, struggling South Carolinian mother and daughter face painful choices with their resolve and pride. Bone, the eldest daughter, and Anney her tired mother, grow both closer and farther apart: Anney sees Glen as her last chance.", "popularity": 9.913, "original_title": "Bastard Out of Carolina", "runtime": 97, "release_date": "1996-12-15", "vote_average": 7.2, "vote_count": 59, "status": "Released", "tagline": "", "spoken_languages": "en", "cast": "Jennifer Jason Leigh|Ron Eldard|Glenne Headly|Lyle Lovett|Jena Malone", "id": 41240}