{"overview": "In a Danish village in the early 1600s, a young woman named Anne, whose mother was thought to be a witch, develops sympathy toward an old woman, Marte, who is accused of witchcraft. The intervention of Anne's older but kindly husband, Pastor Absalon saved her mother -- but now, urged on by his overbearing mother, he refuses to help Marte. When Absalon's son returns home and is attracted to Anne, it's a matter of time before her family destiny catches up with her.", "popularity": 8.347, "original_title": "Vredens dag", "runtime": 97, "release_date": "1943-11-13", "vote_average": 8.025, "vote_count": 198, "status": "Released", "tagline": "A Drama of Fear and Superstition in the 20th Century", "spoken_languages": "da", "cast": "Thorkild Roose|Lisbeth Movin|Preben Lerdorff Rye|Sigrid Neiiendam|Anna Svierkier", "id": 41391}