{"overview": "Sidney returns home to Woodsboro on the last stop of her book tour, which brings about the return of Ghost Face and puts her family, friends, and the whole town in danger.", "popularity": 55.287, "original_title": "Scream 4", "runtime": 111, "release_date": "2011-04-11", "vote_average": 6.457, "vote_count": 3369, "status": "Released", "tagline": "New decade. New rules.", "spoken_languages": "en", "cast": "David Arquette|Neve Campbell|Courteney Cox|Emma Roberts|Hayden Panettiere", "id": 41446}