{"overview": "This documentary recounts the life and work of one of most famous, and yet reviled, German film directors in history, Leni Riefenstahl. The film recounts the rise of her career from a dancer, to a movie actor to the most important film director in Nazi Germany who directed such famous propaganda films as Triumph of the Will and Olympiad. The film also explores her later activities after Nazi Germany's defeat in 1945 and her disgrace for being so associated with it which includes her amazingly active life over the age of 90.", "popularity": 2.453, "original_title": "Die Macht der Bilder: Leni Riefenstahl", "runtime": 180, "release_date": "1993-09-11", "vote_average": 7.1, "vote_count": 20, "status": "Released", "tagline": "", "spoken_languages": "de", "cast": "Leni Riefenstahl|Walter Frentz|Horst Kettner|Ray M\u00fcller|Luis Trenker", "id": 41647}