{"overview": "When Dr. Anthony Edwardes arrives at a Vermont mental hospital to replace the outgoing hospital director, Dr. Constance Peterson, a psychoanalyst, discovers Edwardes is actually an impostor. The man confesses that the real Dr. Edwardes is dead and fears he may have killed him, but cannot recall anything. Dr. Peterson, however is convinced his impostor is innocent of the man's murder, and joins him on a quest to unravel his amnesia through psychoanalysis.", "popularity": 18.323, "original_title": "Spellbound", "runtime": 111, "release_date": "1945-11-08", "vote_average": 7.419, "vote_count": 801, "status": "Released", "tagline": "This is love! Complete...reckless...violent!", "spoken_languages": "en", "cast": "Ingrid Bergman|Gregory Peck|Michael Chekhov|Leo G. Carroll|Rhonda Fleming", "id": 4174}