{"overview": "At her husband's funeral, Pearl, Jewish mother of two divorced and antagonistic daughters, meets an old Italian friend of her husband, whose advice years previously had stopped the husband leaving home. For 23 years he, now a widower, has secretly loved Pearl...", "popularity": 2.199, "original_title": "Used People", "runtime": 115, "release_date": "1992-12-16", "vote_average": 5.5, "vote_count": 22, "status": "Released", "tagline": "A story about love, family and other embarrassments.", "spoken_languages": "en", "cast": "Shirley MacLaine|Marcello Mastroianni|Bob Dishy|Jessica Tandy|Kathy Bates", "id": 41779}