{"overview": "An old leper who owned a remote sorghum winery dies. Jiu'er, the wife bought by the leper, and her lover, identified only as \"my Grandpa\" by the narrator, take over the winery and set up an idealized quasi-matriarchal community headed by Jiu'er. When the Japanese invaders subject the area to their rule and cut down the sorghum to make way for a road, the community rises up and resists as the sorghum grows anew.", "popularity": 7.551, "original_title": "\u7ea2\u9ad8\u7cb1", "runtime": 91, "release_date": "1988-10-10", "vote_average": 7.177, "vote_count": 181, "status": "Released", "tagline": "", "spoken_languages": "zh|ja", "cast": "Gong Li|Jiang Wen|Teng Ru-jun|Ji Liu|Ming Qian", "id": 42006}