{"overview": "Deceased drifter Mike arrives in Heaven and quickly falls for newborn soul Annie, soon to start her assignment on Earth. When Annie leaves, Mike follows.", "popularity": 6.362, "original_title": "Made in Heaven", "runtime": 103, "release_date": "1987-11-06", "vote_average": 6.731, "vote_count": 67, "status": "Released", "tagline": "12,000 babies will be born in the United States today. Two will already have fallen in love.", "spoken_languages": "en|it", "cast": "Timothy Hutton|Kelly McGillis|Maureen Stapleton|Ann Wedgeworth|James Gammon", "id": 42010}