{"overview": "Air Force Colonel Kenneth Penmark and his wife, Christine, dote on their daughter, Rhoda -- as does their lonely landlady, Monica Breedlove. But self-centered Rhoda has a secret tendency for selfishness and loves to accumulate gifts, whether given or stolen, in her room. Christine keeps her knowledge of her daughter's darker side to herself, but when a schoolmate of Rhoda's dies mysteriously, her self-deception unravels.", "popularity": 11.749, "original_title": "The Bad Seed", "runtime": 129, "release_date": "1956-09-12", "vote_average": 7.081, "vote_count": 215, "status": "Released", "tagline": "For little Rhoda, murder is child's play.", "spoken_languages": "en", "cast": "Nancy Kelly|Patty McCormack|Henry Jones|Eileen Heckart|Evelyn Varden", "id": 42196}