{"overview": "When a salon refuses to hire her because of her plump figure, irrepressible hair stylist Kathi plots revenge by opening her own beauty parlor next door. But when she faces a cash-flow problem, Kathi resorts to some creative means of raising capital.", "popularity": 4.142, "original_title": "Die Friseuse", "runtime": 106, "release_date": "2010-02-14", "vote_average": 6.2, "vote_count": 23, "status": "Released", "tagline": "", "spoken_languages": "de|vi", "cast": "Gabriela Maria Schmeide|Ill-Young Kim|Rolf Zacher|Maren Kroymann|J\u00f6rdis Triebel", "id": 42293}