{"overview": "A Catholic New Yorker falls in love with a girl and wants to marry her,  but he struggles to accept her past and what it means for their future.", "popularity": 15.162, "original_title": "Who's That Knocking at My Door", "runtime": 90, "release_date": "1967-11-15", "vote_average": 6.264, "vote_count": 165, "status": "Released", "tagline": "Mean Streets was just around the corner.", "spoken_languages": "en", "cast": "Harvey Keitel|Zina Bethune|Anne Collette|Lennard Kuras|Michael Scala", "id": 42694}