{"overview": "Two babies are switched at birth. When the mistake is discovered 12 years later, it leads to complications in the lives of both families. One family is affluent, with dutiful and (apparently) contented children. The other family is poor, with rambunctious (even delinquent) children, often hungry, but with lots of laughter in the house.", "popularity": 8.884, "original_title": "La vie est un long fleuve tranquille", "runtime": 90, "release_date": "1988-02-03", "vote_average": 6.732, "vote_count": 385, "status": "Released", "tagline": "", "spoken_languages": "fr", "cast": "Beno\u00eet Magimel|Val\u00e9rie Lalande|Catherine Hiegel|Daniel G\u00e9lin|H\u00e9l\u00e8ne Vincent", "id": 4271}