{"overview": "A philosophical burlesque, Human Nature follows the ups and downs of an obsessive scientist, a female naturalist, and the man they discover, born and raised in the wild. As scientist Nathan trains the wild man, Puff, in the ways of the world - starting with table manners - Nathan's lover Lila fights to preserve the man's simian past, which represents a freedom enviable to most.", "popularity": 13.162, "original_title": "Human Nature", "runtime": 96, "release_date": "2001-09-12", "vote_average": 6.004, "vote_count": 227, "status": "Released", "tagline": "In the Interest of Civilization \u2026 Conform.", "spoken_languages": "en", "cast": "Tim Robbins|Patricia Arquette|Rhys Ifans|Miranda Otto|Robert Forster", "id": 441}