{"overview": "A story of a group of humanoid rabbits and their depressive, daily life. The plot includes Suzie ironing, Jane sitting on a couch, Jack walking in and out of the apartment, and the occasional solo singing number by Suzie or Jane. At one point the rabbits also make contact with their \u201cleader\u201d.", "popularity": 7.638, "original_title": "Rabbits", "runtime": 50, "release_date": "2002-06-09", "vote_average": 6.8, "vote_count": 232, "status": "Released", "tagline": "In a nameless city, deluged by a continuous rain, three rabbits live with a fearful mystery.", "spoken_languages": "en", "cast": "Scott Coffey|Rebekah Del Rio|Laura Harring|Naomi Watts", "id": 44351}