{"overview": "Set in the 1960's, a school teacher pretends to be a CIA spy to get his nagging wife off his back. He helps a Russian ballet dancer defect and is then sent to Cuba to locate \"Agent X\" for the CIA.", "popularity": 2.86, "original_title": "Company Man", "runtime": 86, "release_date": "2000-03-09", "vote_average": 5.081, "vote_count": 31, "status": "Released", "tagline": "International intelligence just got dumber.", "spoken_languages": "en", "cast": "Douglas McGrath|John Turturro|Alan Cumming|Sigourney Weaver|Anthony LaPaglia", "id": 44412}