{"overview": "A 27-year-old amateur playwright with the maturity level of an adolescent reconnects with a childhood friend, and then proceeds to follow him back to Los Angeles and stalk him.", "popularity": 2.945, "original_title": "Chuck & Buck", "runtime": 96, "release_date": "2000-01-21", "vote_average": 5.865, "vote_count": 52, "status": "Released", "tagline": "When does a close friend become too close?", "spoken_languages": "en", "cast": "Mike White|Chris Weitz|Lupe Ontiveros|Beth Colt|Paul Weitz", "id": 44490}