{"overview": "Daria is a 16-year-old girl who is a little too smart and funny to fit in with the crowd. It\u2019s summertime and the livin' is hard. Daria finds herself forced into volunteering at the OK To Cry Corral, a summer camp for the overly sensitive and those who'd like to be.", "popularity": 5.815, "original_title": "Daria in 'Is It Fall Yet?'", "runtime": 75, "release_date": "2000-08-27", "vote_average": 7.336, "vote_count": 64, "status": "Released", "tagline": "", "spoken_languages": "en", "cast": "Tracy Grandstaff|Wendy Hoopes|Alvaro J. Gonzalez|Russell Hankin|Jessica Cydnee Jackson", "id": 44756}