{"overview": "Frankie McGuire, one of the IRA's deadliest assassins, draws an American family into the crossfire of terrorism. But when he is sent to the U.S. to buy weapons, Frankie is housed with the family of Tom O'Meara, a New York cop who knows nothing about Frankie's real identity. Their surprising friendship, and Tom's growing suspicions, forces Frankie to choose between the promise of peace or a lifetime of murder.", "popularity": 17.966, "original_title": "The Devil's Own", "runtime": 107, "release_date": "1997-03-13", "vote_average": 6.15, "vote_count": 1083, "status": "Released", "tagline": "They come from different worlds. They fight for different causes. Now, two men from opposite sides of the law are about to go to war.", "spoken_languages": "en", "cast": "Harrison Ford|Brad Pitt|Rub\u00e9n Blades|Treat Williams|Natascha McElhone", "id": 4477}