{"overview": "A prospector sells his wife and daughter to another gold miner for the rights to a gold mine. Twenty years later, the prospector is a wealthy man who owns much of the old west town named Kingdom Come. But changes are brewing and his past is coming back to haunt him. A surveyor and his crew scouts the town as a location for a new railroad line and a young woman suddenly appears in the town and is evidently the man's daughter.", "popularity": 6.543, "original_title": "The Claim", "runtime": 120, "release_date": "2000-12-29", "vote_average": 5.95, "vote_count": 80, "status": "Released", "tagline": "Everything has a price.", "spoken_languages": "en", "cast": "Peter Mullan|Milla Jovovich|Wes Bentley|Nastassja Kinski|Sarah Polley", "id": 44853}