{"overview": "When Milo the cat and Otis the dog are separated, they each set off on an adventurous and often perilous quest across mountains, plains, and snow-covered lands to reunite with one another.", "popularity": 12.326, "original_title": "\u5b50\u732b\u7269\u8a9e", "runtime": 76, "release_date": "1986-06-27", "vote_average": 6.4, "vote_count": 181, "status": "Released", "tagline": "Milo is one lucky cat. He's got nine lives and a best friend.", "spoken_languages": "en", "cast": "Dudley Moore|Kyoko Koizumi|Milo|Otis|Shigeru Tsuyuki", "id": 47951}