{"overview": "Based on a shocking true story, Killer Elite pits two of the world\u2019s most elite operatives\u2014Danny, an ex-special ops agent and Hunter, his longtime mentor\u2014against the cunning leader of a secret military society. Covering the globe from Australia to Paris, London and the Middle East, Danny and Hunter are plunged into a highly dangerous game of cat and mouse\u2014where the predators become the prey.", "popularity": 18.3, "original_title": "Killer Elite", "runtime": 116, "release_date": "2011-09-22", "vote_average": 6.258, "vote_count": 1964, "status": "Released", "tagline": "May the best man live.", "spoken_languages": "en", "cast": "Jason Statham|Clive Owen|Robert De Niro|Dominic Purcell|Aden Young", "id": 49021}