{"overview": "Luchino's routine morning elevator ride up from her subterranean home on level 138 to her school many stories above turns horrific when the elevator operator is ordered to pick up two passengers from floor 99, the maximum security level. What starts as psychological manipulation soon turns wholly physical as both the cruel convicts and Luchino's own dysfunctional past are unleashed. And then every passenger must fight for his or her survival.", "popularity": 4.407, "original_title": "\u30b0\u30b7\u30e3\u30ce\u30d3\u30f3\u30c5\u30e1", "runtime": 96, "release_date": "2004-02-28", "vote_average": 5.553, "vote_count": 47, "status": "Released", "tagline": "", "spoken_languages": "de|ja", "cast": "Luchino Fujisaki|Yoshiichi Kawada|Ry\u00f4suke Koshiba|Kae Minami|Ikuma Saisho", "id": 49037}