{"overview": "A top-secret government weapons designer is arrested by a clandestine government organization on suspicion of being a clone created by the hostile alien race wanting to take over Earth.", "popularity": 12.22, "original_title": "Impostor", "runtime": 102, "release_date": "2001-12-03", "vote_average": 6.108, "vote_count": 384, "status": "Released", "tagline": "In the Future, not everyone is who they seem to be.", "spoken_languages": "en", "cast": "Gary Sinise|Madeleine Stowe|Mekhi Phifer|Vincent D'Onofrio|Tony Shalhoub", "id": 4965}