{"overview": "A young man grows up in Sarajevo in the 1960s, under the shadow of his good, but ailing father, and gets attracted by the world of small-time criminals.", "popularity": 6.005, "original_title": "Sje\u0107a\u0161 li se, Dolly Bell?", "runtime": 107, "release_date": "1981-04-10", "vote_average": 7.4, "vote_count": 59, "status": "Released", "tagline": "", "spoken_languages": "sh", "cast": "Slavko \u0160timac|Slobodan Aligrudi\u0107|Ljiljana Blagojevi\u0107|Mira Banjac|Pavle Vuisi\u0107", "id": 49934}