{"overview": "Just as Amelia thinks she's over her anxiety and insecurity, her best friend announces her engagement, bringing her anxiety and insecurity right back.", "popularity": 5.31, "original_title": "Walking and Talking", "runtime": 86, "release_date": "1996-07-17", "vote_average": 6.1, "vote_count": 40, "status": "Released", "tagline": "A movie for everyone who wants to get married and stay single at the same time.", "spoken_languages": "en", "cast": "Catherine Keener|Anne Heche|Todd Field|Liev Schreiber|Kevin Corrigan", "id": 49963}