{"overview": "Anthology of Aardman Animation short films released in theaters in 1996, centered on the new release of the third Wallace & Gromit short, \"A Close Shave.\"  Includes: \"A Close Shave,\" \"Creature Comforts\" and \"Heat Electric Commercials\" by Nick Park; \"Rex the Runt: How Dinosaurs Became Extinct\", \"Rex the Runt: Dreams\" and \"Ident\" by Richard Goleszowski; \"Wat's Pig\" and \"My Baby Just Cares For Me\" by Peter Lord; \"Early Bird\" by Peter Lord and David Sproxton; \"Pib and Pog\" directed by Peter Peake", "popularity": 1.711, "original_title": "Wallace & Gromit: The Best of Aardman Animation", "runtime": 75, "release_date": "1996-06-14", "vote_average": 7.5, "vote_count": 4, "status": "Released", "tagline": "The Best of Aardman Animation", "spoken_languages": "en", "cast": "Peter Sallis|Anne Reid", "id": 503475}