{"overview": "An emotionally scarred highway drifter shoots a sadistic trick who rapes her, and ultimately becomes the United States' first female serial killer.", "popularity": 30.359, "original_title": "Monster", "runtime": 110, "release_date": "2003-12-24", "vote_average": 7.223, "vote_count": 2128, "status": "Released", "tagline": "The first female serial killer of the United States", "spoken_languages": "en", "cast": "Charlize Theron|Christina Ricci|Bruce Dern|Lee Tergesen|Annie Corley", "id": 504}