{"overview": "Cal Weaver is living the American dream. He has a good job, a beautiful house, great children and a beautiful wife, named Emily. Cal's seemingly perfect life unravels, however, when he learns that Emily has been unfaithful and wants a divorce. Over 40 and suddenly single, Cal is adrift in the fickle world of dating. Enter, Jacob Palmer, a self-styled player who takes Cal under his wing and teaches him how to be a hit with the ladies.", "popularity": 46.9, "original_title": "Crazy, Stupid, Love.", "runtime": 118, "release_date": "2011-07-29", "vote_average": 7.257, "vote_count": 7840, "status": "Released", "tagline": "This is crazy. This is stupid. This is love.", "spoken_languages": "en", "cast": "Steve Carell|Ryan Gosling|Julianne Moore|Emma Stone|Lio Tipton", "id": 50646}