{"overview": "Russia, 1936: revolutionary hero Colonel Kotov is spending an idyllic summer in his dacha with his young wife and six-year-old daughter Nadia and other assorted family and friends. Things change dramatically with the unheralded arrival of Cousin Dmitri from Moscow, who charms the women and little Nadia with his games and pianistic bravura. But Kotov isn't fooled: this is the time of Stalin's repression, with telephone calls in the middle of the night spelling doom - and he knows that Dmitri isn't paying a social call...", "popularity": 13.069, "original_title": "\u0423\u0442\u043e\u043c\u043b\u0451\u043d\u043d\u044b\u0435 \u0441\u043e\u043b\u043d\u0446\u0435\u043c", "runtime": 135, "release_date": "1994-05-01", "vote_average": 7.168, "vote_count": 149, "status": "Released", "tagline": "A moving and poignant story set against the corrupt politics of the Stalinist era.", "spoken_languages": "ru", "cast": "Nikita Mikhalkov|Oleg Menshikov|Ingeborga Dapk\u016bnait\u0117|Vyacheslav Tikhonov|Nadezhda Mikhalkova", "id": 50797}