{"overview": "Trying to put himself back together after serving prison time for robbery, Paul takes a job as a parks employee in a small Connecticut town. His co-worker, Murph, a generation older than Paul, is dealing with his own issues, chiefly the the impending death of his very ill gay son. After the men have a run-in with local snob Frederickson, Murph's age and experience starts to temper Paul's fiery nature, as the younger man begins to embrace his new life.", "popularity": 2.196, "original_title": "Spring Forward", "runtime": 110, "release_date": "2000-12-10", "vote_average": 6.8, "vote_count": 14, "status": "Released", "tagline": "Nothing in common. Everything to gain.", "spoken_languages": "en", "cast": "Ned Beatty|Liev Schreiber|Campbell Scott|Ian Hart|Peri Gilpin", "id": 51145}