{"overview": "Hollywood, 1930s. Tod Hackett, a young painter who tries to make his way as an art director in the lurid world of film industry, gets infatuated with his neighbor Faye Greener, an aspiring actress who prefers the life that Homer Simpson, a lone accountant, can offer her.", "popularity": 8.23, "original_title": "The Day of the Locust", "runtime": 145, "release_date": "1975-05-07", "vote_average": 6.327, "vote_count": 78, "status": "Released", "tagline": "It happened in Hollywood. But it could have happened in hell.", "spoken_languages": "en", "cast": "Donald Sutherland|Karen Black|Burgess Meredith|William Atherton|Geraldine Page", "id": 5122}