{"overview": "Using previously unreleased archival material in addition to contemporary interviews, this academy award-winning documentary tells the story of the Frank family and presents the first fully-rounded portrait of their brash and free-spirited daughter Anne, perhaps the world's most famous victim of the Holocaust. Written by Dawn M. Barclift", "popularity": 3.308, "original_title": "Anne Frank Remembered", "runtime": 117, "release_date": "1995-06-08", "vote_average": 8.176, "vote_count": 17, "status": "Released", "tagline": "She is perhaps Hitler's best known victim, but what was Anne Frank really like?", "spoken_languages": "en", "cast": "Kenneth Branagh|Glenn Close", "id": 51352}