{"overview": "2001 French documentary about the murder trial of a 15 year old black teen accused of murder in Jacksonville, Florida. Winner of 2002 Academy Award for Best Documentary.", "popularity": 3.678, "original_title": "Un coupable id\u00e9al", "runtime": 111, "release_date": "2001-09-14", "vote_average": 7.449, "vote_count": 49, "status": "Released", "tagline": "", "spoken_languages": "en", "cast": "Ann Finnell|Patrick McGuinness|James Williams|Michael Glover|Dwayne Darnell", "id": 51391}