{"overview": "It's vacation time for Carter as he finds himself alongside Lee in Hong Kong wishing for more excitement. While Carter wants to party and meet the ladies, Lee is out to track down a Triad gang lord who may be responsible for killing two men at the American Embassy. Things get complicated as the pair stumble onto a counterfeiting plot. The boys are soon up to their necks in fist fights and life-threatening situations. A trip back to the U.S. may provide the answers about the bombing, the counterfeiting, and the true allegiance of sexy customs agent Isabella.", "popularity": 51.53, "original_title": "Rush Hour 2", "runtime": 90, "release_date": "2001-08-03", "vote_average": 6.717, "vote_count": 3725, "status": "Released", "tagline": "Get ready for a second Rush!", "spoken_languages": "cn|en|zh", "cast": "Jackie Chan|Chris Tucker|John Lone|Zhang Ziyi|Roselyn S\u00e1nchez", "id": 5175}