{"overview": "Steven Lidz, unhappy with his home life since his mother became sick, moves in with his two eccentric uncles. As Steven grows closer to his uncles, he learns how to cope with his emotions and to value his own uniqueness.", "popularity": 4.403, "original_title": "Unstrung Heroes", "runtime": 93, "release_date": "1995-09-15", "vote_average": 6.0, "vote_count": 26, "status": "Released", "tagline": "Sometimes you find your heroes in the most unlikely places", "spoken_languages": "en", "cast": "Andie MacDowell|John Turturro|Michael Richards|Maury Chaykin|Nathan Watt", "id": 52856}