{"overview": "Easy-going, gentle college-boy Adam Baker enjoys frat-life, however disgusting the frat-house gets because of his sloppy house-mates Freddie, Ferguson and Munch. Then Adam meets Eve, starts falling in love, but gets jealous of frat-brother Billy, who 'bumps' almost constantly without seeking love, while Eve guards her campus-unique virginity. As even his thrice-divorced dad, an MD, urges Adam to get laid rather then loved, his patience runs out against healthy hormones", "popularity": 3.732, "original_title": "National Lampoon\u2019s Adam & Eve", "runtime": 91, "release_date": "2005-11-05", "vote_average": 4.015, "vote_count": 33, "status": "Released", "tagline": "She's got it all... and he's not getting any.", "spoken_languages": "en", "cast": "Cameron Douglas|Emmanuelle Chriqui|Chad Lindberg|Jake Hoffman|Brian Klugman", "id": 53928}