{"overview": "Striving to be independent, the blind but determined Don Baker moves away from his overprotective mother. After settling into his new San Francisco digs, Don meets kooky neighbor Jill Tanner. Don's quick wit and good looks disarm the free-spirited Jill, and before long they're more than just friends. Will Mrs. Baker's incessant meddling destroy Don and Jill's budding relationship?", "popularity": 7.941, "original_title": "Butterflies Are Free", "runtime": 109, "release_date": "1972-07-06", "vote_average": 6.8, "vote_count": 67, "status": "Released", "tagline": "I Could Love You If You'd Let Me", "spoken_languages": "en", "cast": "Goldie Hawn|Edward Albert|Eileen Heckart|Paul Michael Glaser|Michael Warren", "id": 55106}