{"overview": "A mysterious woman named Grace hides in a small mountain town from criminals who pursue her. The town is two-faced and offers to harbor Grace as long as she can make it worth their effort, so Grace works hard under the employ of various townspeople to win their favor. Tensions flare, however, and Grace's status as a helpless outsider provokes vicious contempt and abuse from the citizens of Dogville.", "popularity": 19.14, "original_title": "Dogville", "runtime": 178, "release_date": "2003-05-19", "vote_average": 7.775, "vote_count": 2222, "status": "Released", "tagline": "A quiet little town not far from here.", "spoken_languages": "en", "cast": "Nicole Kidman|Harriet Andersson|Lauren Bacall|Jean-Marc Barr|Paul Bettany", "id": 553}