{"overview": "For generations the Zhao family has wielded power, until their mortal enemy TU\u2019AN GU slaughters the entire clan, determined to wipe out their influence forever. But one Zhao baby survives hidden by CHENG YING the doctor who delivered him. When Tu\u2019an Gu learns of the baby\u2019s escape he seizes every infant in the city, vowing to kill them all unless the Zhao baby is surrendered. As the tyrant\u2019s soldiers arrive at Cheng Ying\u2019s home the frantic doctor hides his wife with their own baby whilst surrendering the Zhao child as his own. But his family is discovered; his baby is presumed to be the Zhao heir and murdered along with his wife for harboring the infant. Now set on revenge Cheng Ying enrolls the Zhao orphan into the service of the Tu\u2019an Gu household, plotting to use him as an instrument of vengeance when he comes of age.", "popularity": 6.596, "original_title": "\u8d75\u6c0f\u5b64\u513f", "runtime": 128, "release_date": "2010-12-17", "vote_average": 5.99, "vote_count": 49, "status": "Released", "tagline": "", "spoken_languages": "zh", "cast": "Ge You|Wang Xueqi|Huang Xiaoming|Fan Bingbing|Vincent Zhao Wenzhuo", "id": 55741}