{"overview": "After the train station clerk is assaulted and left bound and gagged, then the departing train and its passengers robbed, a posse goes in hot pursuit of the fleeing bandits.", "popularity": 8.892, "original_title": "The Great Train Robbery", "runtime": 12, "release_date": "1903-12-07", "vote_average": 7.01, "vote_count": 552, "status": "Released", "tagline": "It electrified dad! It terrified mother! It will amuse you!", "spoken_languages": "xx", "cast": "Gilbert M. Anderson|John Manus Dougherty Sr.|Frank Hanaway|Adam Charles Hayman|Robert Milasch", "id": 5698}