{"overview": "The story of Joy Division\u2019s lead singer Ian Curtis, from his schoolboy days in 1973 to his suicide on the eve of the band's first American tour in 1980.", "popularity": 13.131, "original_title": "Control", "runtime": 121, "release_date": "2007-09-12", "vote_average": 7.524, "vote_count": 762, "status": "Released", "tagline": "He had the spirit, but lost the feeling.", "spoken_languages": "en", "cast": "Samantha Morton|Sam Riley|Alexandra Maria Lara|Joe Anderson|Toby Kebbell", "id": 5708}