{"overview": "On the brink of the First World War, Albert's beloved horse Joey is sold to the Cavalry by his father. Against the backdrop of the Great War, Joey begins an odyssey full of danger, joy, and sorrow, and he transforms everyone he meets along the way. Meanwhile, Albert, unable to forget his equine friend, searches the battlefields of France to find Joey and bring him home.", "popularity": 21.211, "original_title": "War Horse", "runtime": 146, "release_date": "2011-12-25", "vote_average": 7.306, "vote_count": 3179, "status": "Released", "tagline": "Separated by war. Tested by battle. Bound by friendship.", "spoken_languages": "en", "cast": "Jeremy Irvine|Peter Mullan|Emily Watson|Niels Arestrup|David Thewlis", "id": 57212}