{"overview": "A heartwarming Disney classic in which a cougar, who was rescued as a cub and raised by a group of loggers in the Pacific Northwest, reverts back to his natural instincts, leading to hilarious (and dangerous) consequences.", "popularity": 2.329, "original_title": "Charlie, the Lonesome Cougar", "runtime": 75, "release_date": "1967-10-18", "vote_average": 5.7, "vote_count": 15, "status": "Released", "tagline": "Finding friendship is the wildest adventure of all.", "spoken_languages": "en", "cast": "Ron Brown|Bryan Russell|Linda Wallace|Jim Wilson|Clifford Peterson", "id": 57855}