{"overview": "A zombie outbreak has fallen upon the land in this reimagining of Jane Austen's classic tale of the tangled relationships between lovers from different social classes in 19th century England. Feisty heroine Elizabeth Bennet is a master of martial arts and weaponry and the handsome Mr. Darcy is a fierce zombie killer, yet the epitome of upper class prejudice. As the zombie outbreak intensifies, they must swallow their pride and join forces on the blood-soaked battlefield in order to conquer the undead once and for all.", "popularity": 21.486, "original_title": "Pride and Prejudice and Zombies", "runtime": 108, "release_date": "2016-02-04", "vote_average": 6.145, "vote_count": 2042, "status": "Released", "tagline": "Bloody lovely.", "spoken_languages": "en", "cast": "Lily James|Sam Riley|Jack Huston|Bella Heathcote|Douglas Booth", "id": 58431}