{"overview": "There is a new criminal mastermind at large (Professor Moriarty) and not only is he Holmes\u2019 intellectual equal, but his capacity for evil and lack of conscience may give him an advantage over the  detective.", "popularity": 41.38, "original_title": "Sherlock Holmes: A Game of Shadows", "runtime": 129, "release_date": "2011-11-22", "vote_average": 7.13, "vote_count": 9790, "status": "Released", "tagline": "The game is afoot.", "spoken_languages": "en", "cast": "Robert Downey Jr.|Jude Law|Noomi Rapace|Jared Harris|Rachel McAdams", "id": 58574}