{"overview": "After a violent storm, a dense cloud of mist envelops a small Maine town, trapping artist David Drayton and his five-year-old son in a local grocery store with other people. They soon discover that the mist conceals deadly horrors that threaten their lives, and worse, their sanity.", "popularity": 38.917, "original_title": "The Mist", "runtime": 126, "release_date": "2007-11-21", "vote_average": 6.91, "vote_count": 4701, "status": "Released", "tagline": "Belief divides them, mystery surrounds them, but fear changes everything.", "spoken_languages": "en", "cast": "Thomas Jane|Laurie Holden|Toby Jones|Marcia Gay Harden|Andre Braugher", "id": 5876}