{"overview": "\"The Hours\" is the story of three women searching for more potent, meaningful lives. Each is alive at a different time and place, all are linked by their yearnings and their fears. Their stories intertwine, and finally come together in a surprising, transcendent moment of shared recognition.", "popularity": 12.828, "original_title": "The Hours", "runtime": 114, "release_date": "2002-12-27", "vote_average": 7.286, "vote_count": 1539, "status": "Released", "tagline": "The time to hide is over. The time to regret is gone. The time to live is now.", "spoken_languages": "en", "cast": "Julianne Moore|Nicole Kidman|Meryl Streep|Stephen Dillane|Miranda Richardson", "id": 590}