{"overview": "The Nazis, exasperated at the number of escapes from their prison camps by a relatively small number of Allied prisoners, relocate them to a high-security 'escape-proof' camp to sit out the remainder of the war. Undaunted, the prisoners plan one of the most ambitious escape attempts of World War II. Based on a true story.", "popularity": 38.661, "original_title": "The Great Escape", "runtime": 173, "release_date": "1963-07-03", "vote_average": 7.942, "vote_count": 2303, "status": "Released", "tagline": "Put a fence in front of these men... and they'll climb it!", "spoken_languages": "en|de|fr|ru", "cast": "Steve McQueen|James Garner|Richard Attenborough|James Donald|Charles Bronson", "id": 5925}