{"overview": "A traumatized shark expert must battle her own fears to lead a thrill-seeking businessman on a dive into a dangerous section of water known as \"Shark Alley.\"", "popularity": 14.466, "original_title": "Dark Tide", "runtime": 113, "release_date": "2012-03-28", "vote_average": 4.851, "vote_count": 195, "status": "Released", "tagline": "In Shark Alley, courage runs deep.", "spoken_languages": "en", "cast": "Halle Berry|Olivier Martinez|Sizwe Msutu|Mark Elderkin|Thoko Ntshinga", "id": 59963}