{"overview": "An alien is left behind on Earth and saved by the 10-year-old Elliot who decides to keep him hidden in his home. While a task force hunts for the extra-terrestrial, Elliot, his brother, and his little sister Gertie form an emotional bond with their new friend, and try to help him find his way home.", "popularity": 45.817, "original_title": "E.T. the Extra-Terrestrial", "runtime": 115, "release_date": "1982-06-11", "vote_average": 7.513, "vote_count": 10529, "status": "Released", "tagline": "He is afraid. He is alone. He is three million light years from home.", "spoken_languages": "en", "cast": "Henry Thomas|Drew Barrymore|Robert MacNaughton|Peter Coyote|Dee Wallace", "id": 601}