{"overview": "After being falsely accused of stealing the budget for their annual cocktail cruise, three very different fraternity brothers are kicked out of their dorm. In order to clear their name and to secure their future careers, the three dress up in drag and pledge the sorority next door where they learn a few valuable - and hilarious - lessons about themselves and the female species.", "popularity": 11.045, "original_title": "Sorority Boys", "runtime": 93, "release_date": "2002-03-22", "vote_average": 5.395, "vote_count": 209, "status": "Released", "tagline": "The only way to become one of the boys again... is to become one of the girls.", "spoken_languages": "en", "cast": "Barry Watson|Michael Rosenbaum|Harland Williams|Melissa Sagemiller|Tony Denman", "id": 6020}