{"overview": "Sebastian, a young man, has decided to follow instructions intended for someone else, without knowing where they will take him. Something else he does not know is that Gerard Dorez, a cop on a knife-edge, is tailing him. When he reaches his destination, Sebastian falls into a degenerate, clandestine world of mental chaos behind closed doors in which men gamble on the lives of others men.", "popularity": 8.779, "original_title": "13 Tzameti", "runtime": 93, "release_date": "2005-09-01", "vote_average": 7.042, "vote_count": 212, "status": "Released", "tagline": "", "spoken_languages": "fr|ka|de", "cast": "George Babluani|Aur\u00e9lien Recoing|Pascal Bongard|Fred Ulysse|Nicolas Pignon", "id": 6077}