{"overview": "Author Joel Garcia breaks his neck while hiking, and finds himself in a rehab center with Raymond, an exaggerating ladies man, and Bloss, a racist biker. Considerable tension builds as each character tries to deal with his new found handicap and the problems that go with it, especially Joel, whose lover Anna is having as difficult a time as he is.", "popularity": 4.731, "original_title": "The Waterdance", "runtime": 106, "release_date": "1992-05-13", "vote_average": 6.056, "vote_count": 36, "status": "Released", "tagline": "Sometimes, life happens by accident.", "spoken_languages": "en", "cast": "Eric Stoltz|Helen Hunt|Wesley Snipes|William Forsythe|Elizabeth Pe\u00f1a", "id": 61418}