{"overview": "A true story about Frank Abagnale Jr. who, before his 19th birthday, successfully conned millions of dollars worth of checks as a Pan Am pilot, doctor, and legal prosecutor. An FBI agent makes it his mission to put him behind bars. But Frank not only eludes capture, he revels in the pursuit.", "popularity": 87.007, "original_title": "Catch Me If You Can", "runtime": 141, "release_date": "2002-12-16", "vote_average": 7.972, "vote_count": 14500, "status": "Released", "tagline": "The true story of a real fake.", "spoken_languages": "en|fr", "cast": "Leonardo DiCaprio|Tom Hanks|Christopher Walken|Martin Sheen|Nathalie Baye", "id": 640}