{"overview": "Cousins, Bo and Luke Duke, with the help of their eye-catching cousin, Daisy and moonshine-running Uncle Jesse, try and save the family farm from being destroyed by Hazzard County's corrupt commissioner, Boss Hogg. Their efforts constantly find the 'Duke Boys' eluding authorities in 'The General Lee', their 1969 orange Dodge Charger that keeps them one step ahead of the dimwitted antics of the small southern town's Sheriff, Roscoe P. Coltrane.", "popularity": 24.798, "original_title": "The Dukes of Hazzard", "runtime": 104, "release_date": "2005-08-05", "vote_average": 5.522, "vote_count": 1067, "status": "Released", "tagline": "Cousins. Outlaws. Thrillbillies.", "spoken_languages": "en", "cast": "Johnny Knoxville|Seann William Scott|Jessica Simpson|Willie Nelson|Burt Reynolds", "id": 6519}