{"overview": "An attractive reporter investigating the mysterious destruction of an Illinois town stumbles upon a secret government laboratory conducting radiation experiments on vegetables. The lead scientist is eager to help find out what happened. Together they discover that giant grasshoppers are behind the devastation. Worse yet, thousands of them are headed toward Chicago! Can they be stopped... or is this the BEGINNING OF THE END?", "popularity": 3.381, "original_title": "Beginning of the End", "runtime": 73, "release_date": "1957-06-28", "vote_average": 3.733, "vote_count": 30, "status": "Released", "tagline": "New thrills! New shocks! New terror!", "spoken_languages": "en", "cast": "Peter Graves|Peggie Castle|Morris Ankrum|Thomas Browne Henry|James Seay", "id": 66918}