{"overview": "Shamoto runs a small tropical fish shop. When his daughter Mitsuko is caught shoplifting at a grocery store a man named Murata steps in to settle things between the girl and the store manager. Murata also runs a tropical fish shop and he and Shamoto soon become friendly. However Murata hides many dark secrets behind his friendly face.", "popularity": 13.136, "original_title": "\u51b7\u305f\u3044\u71b1\u5e2f\u9b5a", "runtime": 144, "release_date": "2011-01-29", "vote_average": 6.863, "vote_count": 300, "status": "Released", "tagline": "He'll make you pick up the pieces.", "spoken_languages": "ja", "cast": "Mitsuru Fukikoshi|Denden|Asuka Kurosawa|Megumi Kagurazaka|Hikari Kajiwara", "id": 68341}