{"overview": "Many loosely connected characters cross paths in this film, based on the stories of Raymond Carver. Waitress Doreen Piggot accidentally runs into a boy with her car. Soon after walking away, the child lapses into a coma. While at the hospital, the boy's grandfather tells his son, Howard, about his past affairs. Meanwhile, a baker starts harassing the family when they fail to pick up the boy's birthday cake.", "popularity": 14.333, "original_title": "Short Cuts", "runtime": 187, "release_date": "1993-09-05", "vote_average": 7.203, "vote_count": 522, "status": "Released", "tagline": "Short Cuts raises the roof on America.", "spoken_languages": "en", "cast": "Andie MacDowell|Bruce Davison|Jack Lemmon|Zane Cassidy|Julianne Moore", "id": 695}