{"overview": "This documentary explores the hidden history of the American Exploitation Film. The movie digs deep into this often overlooked category of U.S. cinema and unearths the shameless and occasionally shocking origins of this popular entertainment.", "popularity": 4.527, "original_title": "American Grindhouse", "runtime": 82, "release_date": "2011-02-04", "vote_average": 6.728, "vote_count": 57, "status": "Released", "tagline": "Giving \u2018Em What They Want Since the Dawn of Motion Pictures.", "spoken_languages": "en", "cast": "Robert Forster|Allison Anders|John Landis|Kim Morgan|Fred Olen Ray", "id": 70862}