{"overview": "Ivan Mirosnikov, a cheeky young man in the Gorbachev era, is trying to figure out what to do with his life (he's not in college, and the 2-year mandatory military service is looming large ahead of him). Meanwhile, he lives with his divorced mother, and works as a courier at a Russian newspaper. Through his job, he meets patronizing Professor Kuznetzov and his rebellious daughter Katya. To annoy the professor, Ivan claims to have an affair with Katya. To his surprise, Katya backs his story up.", "popularity": 4.686, "original_title": "\u041a\u0443\u0440\u044c\u0435\u0440", "runtime": 88, "release_date": "1986-06-06", "vote_average": 7.592, "vote_count": 92, "status": "Released", "tagline": "", "spoken_languages": "ru", "cast": "Fyodor Dunayevsky|Anastasiya Nemolyaeva|Oleg Basilashvili|Inna Churikova|Aleksandr Pankratov-Chyornyy", "id": 70966}