{"overview": "After a long voyage from Scotland, pianist Ada McGrath and her young daughter, Flora, are left with all their belongings, including a piano, on a New Zealand beach. Ada, who has been mute since childhood, has been sold into marriage to a local man named Alisdair Stewart. Making little attempt to warm up to Alisdair, Ada soon becomes intrigued by his Maori-friendly acquaintance, George Baines, leading to tense, life-altering conflicts.", "popularity": 13.301, "original_title": "The Piano", "runtime": 117, "release_date": "1993-05-19", "vote_average": 7.374, "vote_count": 1363, "status": "Released", "tagline": "", "spoken_languages": "en|mi", "cast": "Holly Hunter|Harvey Keitel|Sam Neill|Anna Paquin|Cliff Curtis", "id": 713}