{"overview": "When undercover FBI agent Frank Castle's wife and son are slaughtered, he becomes 'the Punisher' -- a ruthless vigilante willing to go to any length to avenge his family.", "popularity": 38.96, "original_title": "The Punisher", "runtime": 124, "release_date": "2004-04-15", "vote_average": 6.328, "vote_count": 2599, "status": "Released", "tagline": "There is no justice, there is only revenge.", "spoken_languages": "en", "cast": "Thomas Jane|John Travolta|Will Patton|Roy Scheider|Laura Harring", "id": 7220}