{"overview": "Three fanatical bird-watchers spend an entire year competing to spot the highest number of species as El Nino sends an extraordinary variety of rare breeds flying up into the U.S., but they quickly discover that there are more important things than coming out on top of the competition.", "popularity": 10.909, "original_title": "The Big Year", "runtime": 100, "release_date": "2011-10-13", "vote_average": 5.991, "vote_count": 721, "status": "Released", "tagline": "Everyone is searching for something.", "spoken_languages": "en", "cast": "Steve Martin|Jack Black|Owen Wilson|Brian Dennehy|Anjelica Huston", "id": 73937}