{"overview": "For Lieutenant Pete 'Maverick' Mitchell and his friend and co-pilot Nick 'Goose' Bradshaw, being accepted into an elite training school for fighter pilots is a dream come true. But a tragedy, as well as personal demons, will threaten Pete's dreams of becoming an ace pilot.", "popularity": 71.464, "original_title": "Top Gun", "runtime": 110, "release_date": "1986-05-16", "vote_average": 7.048, "vote_count": 7788, "status": "Released", "tagline": "Up there with the best of the best.", "spoken_languages": "en", "cast": "Tom Cruise|Kelly McGillis|Val Kilmer|Anthony Edwards|Tom Skerritt", "id": 744}