{"overview": "Following a grueling five-week shift at an Alaskan oil refinery, workers led by sharpshooter John Ottway, are flying home for a much-needed vacation. But a brutal storm causes their plane to crash in the frozen wilderness, and only eight men, including Ottway, survive. As they trek southward toward civilization and safety, Ottway and his companions must battle mortal injuries, the icy elements, and a pack of hungry wolves.", "popularity": 25.791, "original_title": "The Grey", "runtime": 117, "release_date": "2012-01-26", "vote_average": 6.563, "vote_count": 3590, "status": "Released", "tagline": "Live or Die on This Day", "spoken_languages": "en", "cast": "Liam Neeson|Dermot Mulroney|Frank Grillo|Dallas Roberts|Nonso Anozie", "id": 75174}