{"overview": "A scheming raccoon fools a mismatched family of forest creatures into helping him repay a debt of food, by invading the new suburban sprawl that popped up while they were hibernating \u2013 and learns a lesson about family himself.", "popularity": 37.106, "original_title": "Over the Hedge", "runtime": 83, "release_date": "2006-05-17", "vote_average": 6.547, "vote_count": 4166, "status": "Released", "tagline": "Taking back the neighborhood... One snack at a time.", "spoken_languages": "en", "cast": "Bruce Willis|Garry Shandling|Steve Carell|Wanda Sykes|William Shatner", "id": 7518}