{"overview": "Cubelles, Tarragona, Spain, Christmas 1985. Five friends make an unexpected discovery in the forest: a woman disguised as Santa Claus trapped in a deep hole dug in the middle of nowhere.", "popularity": 6.678, "original_title": "Cuento de Navidad", "runtime": 72, "release_date": "2005-10-27", "vote_average": 6.404, "vote_count": 56, "status": "Released", "tagline": "", "spoken_languages": "es", "cast": "Maru Valdivielso|Christian Casas|Roger Babi\u00e0|Pau Poch|Daniel Casadell\u00e0", "id": 75725}