{"overview": "A Westerner finds refuge with a group of women in a church during Japan's rape of Nanking in 1937. Posing as a priest, he attempts to lead the women to safety.", "popularity": 15.963, "original_title": "\u91d1\u9675\u5341\u4e09\u91f5", "runtime": 146, "release_date": "2011-12-15", "vote_average": 7.488, "vote_count": 729, "status": "Released", "tagline": "Fighting for freedom.", "spoken_languages": "zh|ja|en", "cast": "Christian Bale|Ni Ni|Tong Dawei|Zhang Xin Yi|Shigeo Kobayashi", "id": 76758}