{"overview": "Frederick Abberline is an opium-huffing inspector from Scotland Yard who falls for one of Jack the Ripper's prostitute targets in this Hughes brothers adaption of a graphic novel that posits the Ripper's true identity.", "popularity": 20.424, "original_title": "From Hell", "runtime": 122, "release_date": "2001-02-08", "vote_average": 6.684, "vote_count": 2597, "status": "Released", "tagline": "Only the legend will survive.", "spoken_languages": "en", "cast": "Johnny Depp|Heather Graham|Ian Holm|Robbie Coltrane|Ian Richardson", "id": 768}