{"overview": "Leonard Shelby is tracking down the man who raped and murdered his wife. The difficulty of locating his wife's killer, however, is compounded by the fact that he suffers from a rare, untreatable form of short-term memory loss. Although he can recall details of life before his accident, Leonard cannot remember what happened fifteen minutes ago, where he's going, or why.", "popularity": 38.67, "original_title": "Memento", "runtime": 113, "release_date": "2000-10-11", "vote_average": 8.187, "vote_count": 13835, "status": "Released", "tagline": "Some memories are best forgotten.", "spoken_languages": "en", "cast": "Guy Pearce|Carrie-Anne Moss|Joe Pantoliano|Mark Boone Junior|Russ Fega", "id": 77}