{"overview": "A school teacher discusses types of government with his class. His students find it too boring to repeatedly go over national socialism and believe that dictatorship cannot be established in modern Germany. He starts an experiment to show how easily the masses can become manipulated.", "popularity": 16.794, "original_title": "Die Welle", "runtime": 107, "release_date": "2008-03-13", "vote_average": 7.503, "vote_count": 3086, "status": "Released", "tagline": "Their teacher became their leader. His students became his soldiers.", "spoken_languages": "de", "cast": "J\u00fcrgen Vogel|Frederick Lau|Max Riemelt|Jennifer Ulrich|Christiane Paul", "id": 7735}