{"overview": "The continuation of the adventures of Fyodor and his friends from the Prostokvashino village.", "popularity": 3.718, "original_title": "\u041a\u0430\u043d\u0438\u043a\u0443\u043b\u044b \u0432 \u041f\u0440\u043e\u0441\u0442\u043e\u043a\u0432\u0430\u0448\u0438\u043d\u043e", "runtime": 18, "release_date": "1980-06-06", "vote_average": 7.5, "vote_count": 80, "status": "Released", "tagline": "", "spoken_languages": "ru", "cast": "Mariya Vinogradova|Oleg Tabakov|Lev Durov|Valentina Talyzina|Boris Novikov", "id": 77759}