{"overview": "When his brother-in-law runs afoul of a drug lord, family man Chris Farraday turns to a skill he abandoned long ago\u2014smuggling\u2014to repay the debt. But the job goes wrong, and Farraday finds himself wanted by cops, crooks and killers alike.", "popularity": 27.463, "original_title": "Contraband", "runtime": 109, "release_date": "2012-01-12", "vote_average": 6.325, "vote_count": 1943, "status": "Released", "tagline": "What would you hide to protect your family?", "spoken_languages": "en", "cast": "Mark Wahlberg|Kate Beckinsale|Ben Foster|Giovanni Ribisi|Lukas Haas", "id": 77866}