{"overview": "After a senator suddenly dies after completing (and sealing) an investigation into the nuclear power industry, the remaining senator and the state governor must decide on a person who will play along with their shady deals and not cause any problems. They decide on Billy Jack, currently sitting in prison after being sent to jail at the end of his previous film, as they don't expect him to be capable of much, and they think he will attract young voters to the party.", "popularity": 3.194, "original_title": "Billy Jack Goes to Washington", "runtime": 155, "release_date": "1977-04-16", "vote_average": 6.273, "vote_count": 11, "status": "Released", "tagline": "The most dangerous Billy Jack of all!", "spoken_languages": "en", "cast": "Tom Laughlin|Delores Taylor|E.G. Marshall|Teresa Kelly|Sam Wanamaker", "id": 78140}