{"overview": "During a harsh Montr\u00e9al winter, an elementary-school class is left reeling after its teacher commits suicide. Bachir Lazhar, a charismatic Algerian immigrant, steps in as the substitute teacher for the classroom of traumatized children. All the while, he must keep his personal life tucked away: the fact that he is seeking political refuge in Qu\u00e9bec \u2013 and that he, like the children, has suffered an appalling loss.", "popularity": 8.016, "original_title": "Monsieur Lazhar", "runtime": 94, "release_date": "2011-09-10", "vote_average": 7.116, "vote_count": 284, "status": "Released", "tagline": "", "spoken_languages": "fr", "cast": "Mohamed Fellag|\u00c9milien N\u00e9ron|Danielle Proulx|Sophie N\u00e9lisse|Marie-\u00c8ve Beauregard", "id": 78480}