{"overview": "After five (or six) years of vanilla-wedded bliss, ordinary suburbanites John and Jane Smith are stuck in a huge rut. Unbeknownst to each other, they are both coolly lethal, highly-paid assassins working for rival organisations. When they discover they're each other's next target, their secret lives collide in a spicy, explosive mix of wicked comedy, pent-up passion, nonstop action and high-tech weaponry.", "popularity": 35.54, "original_title": "Mr. & Mrs. Smith", "runtime": 120, "release_date": "2005-06-07", "vote_average": 6.675, "vote_count": 9638, "status": "Released", "tagline": "Smart and sexy", "spoken_languages": "en|es", "cast": "Brad Pitt|Angelina Jolie|Vince Vaughn|Adam Brody|Kerry Washington", "id": 787}