{"overview": "Trapped within an eerie mist, the residents of Antonio Bay have become the unwitting victims of a horrifying vengeance. One hundred years earlier, a ship carrying lepers was purposely lured onto the rocky coastline and sank, drowning all aboard. Now they're back \u2013 long-dead mariners who've waited a century for their revenge.", "popularity": 19.135, "original_title": "The Fog", "runtime": 100, "release_date": "2005-10-14", "vote_average": 4.504, "vote_count": 666, "status": "Released", "tagline": "Their PAST Has Come Back To HAUNT THEM", "spoken_languages": "en", "cast": "Tom Welling|Maggie Grace|Selma Blair|DeRay Davis|Kenneth Welsh", "id": 791}