{"overview": "A group of juvenile delinquents live a violent, criminal life in the festering slums of Mexico City, among them the young Pedro, whose morality is gradually corrupted and destroyed by the others.", "popularity": 16.225, "original_title": "Los olvidados", "runtime": 77, "release_date": "1950-12-09", "vote_average": 8.053, "vote_count": 430, "status": "Released", "tagline": "", "spoken_languages": "es", "cast": "Alfonso Mej\u00eda|Estela Inda|Efra\u00edn Arauz|Miguel Incl\u00e1n|Roberto Cobo", "id": 800}