{"overview": "Chili Palmer is a Miami mobster who gets sent by his boss, the psychopathic \"Bones\" Barboni, to collect a bad debt from Harry Zimm, a Hollywood producer who specializes in cheesy horror films. When Chili meets Harry's leading lady, the romantic sparks fly. After pitching his own life story as a movie idea, Chili learns that being a mobster and being a Hollywood producer really aren't all that different.", "popularity": 13.936, "original_title": "Get Shorty", "runtime": 105, "release_date": "1995-10-20", "vote_average": 6.459, "vote_count": 919, "status": "Released", "tagline": "Attitude plays a part.", "spoken_languages": "en", "cast": "John Travolta|Gene Hackman|Rene Russo|Danny DeVito|Dennis Farina", "id": 8012}