{"overview": "In the far future, a highly sexual woman is tasked with finding and stopping the evil Durand-Durand. Along the way she encounters various unusual people.", "popularity": 20.735, "original_title": "Barbarella", "runtime": 98, "release_date": "1968-10-10", "vote_average": 5.962, "vote_count": 637, "status": "Released", "tagline": "See Barbarella do her thing!", "spoken_languages": "en|fr", "cast": "Jane Fonda|John Phillip Law|Anita Pallenberg|Marcel Marceau|Claude Dauphin", "id": 8069}