{"overview": "Special Agent Jennifer Marsh works in an elite division of the FBI dedicated to fighting cybercrime. She thinks she has seen it all, until a particularly sadistic criminal arises on the Internet. This tech-savvy killer posts live feeds of his crimes on his website; the more hits the site gets, the faster the victim dies. Marsh and her team must find the elusive killer before time runs out.", "popularity": 18.917, "original_title": "Untraceable", "runtime": 101, "release_date": "2008-01-22", "vote_average": 6.162, "vote_count": 806, "status": "Released", "tagline": "A cyber killer has finally found the perfect accomplice: You.", "spoken_languages": "en", "cast": "Diane Lane|Billy Burke|Colin Hanks|Joseph Cross|Mary Beth Hurt", "id": 8090}