{"overview": "As a swingin' fashion photographer by day and a groovy British superagent by night, Austin Powers is the '60s' most shagadelic spy, baby! But can he stop megalomaniac Dr. Evil after the bald villain freezes himself and unthaws in the '90s? With the help of sexy sidekick Vanessa Kensington, he just might.", "popularity": 27.846, "original_title": "Austin Powers: International Man of Mystery", "runtime": 94, "release_date": "1997-05-02", "vote_average": 6.559, "vote_count": 3110, "status": "Released", "tagline": "If he were any cooler, he'd still be frozen, baby!", "spoken_languages": "en", "cast": "Mike Myers|Elizabeth Hurley|Michael York|Mimi Rogers|Robert Wagner", "id": 816}