{"overview": "Four tales unfold in the Eternal City: While vacationing in Rome, architect John encounters a young man whose romantic woes remind him of a painful incident from his own youth; retired opera director Jerry discovers a mortician with an amazing voice, and he seizes the opportunity to rejuvenate his own flagging career; a young couple have separate romantic interludes; a spotlight shines on an ordinary man.", "popularity": 10.517, "original_title": "To Rome with Love", "runtime": 111, "release_date": "2012-04-20", "vote_average": 5.775, "vote_count": 1899, "status": "Released", "tagline": "", "spoken_languages": "it|en", "cast": "Woody Allen|Roberto Benigni|Pen\u00e9lope Cruz|Alec Baldwin|Judy Davis", "id": 81836}