{"overview": "In 1925 Romania, young Marie-Therese Von Debretsy refuses the flirtatious advances of her husband's commanding officer. As a result, the cosmopolitan family is reassigned to a brutally bleak and dangerous outpost on the Bulgarian/Romanian frontier where both their relationship and humanity are severely tested.", "popularity": 3.11, "original_title": "Un \u00e9t\u00e9 inoubliable", "runtime": 82, "release_date": "1994-06-15", "vote_average": 6.2, "vote_count": 17, "status": "Released", "tagline": "", "spoken_languages": "en|fr|ro", "cast": "Kristin Scott Thomas|Claudiu Bleon\u0163|Olga Tudorache|George Constantin|Ion Pavlescu", "id": 81949}