{"overview": "Still grieving after the murder of her boyfriend, hairdresser Justice writes poetry to deal with the pain of her loss. Unable to get to Oakland to attend a convention because of her broken-down car, Justice gets a lift with her friend, Iesha, and Iesha's postal worker boyfriend, Chicago. Along for the ride is Chicago's co-worker, Lucky, to whom Justice grows close after some initial problems. But is she ready to open her heart again?", "popularity": 15.781, "original_title": "Poetic Justice", "runtime": 109, "release_date": "1993-07-23", "vote_average": 6.834, "vote_count": 229, "status": "Released", "tagline": "A Street Romance.", "spoken_languages": "en", "cast": "Janet Jackson|Tupac Shakur|Regina King|Joe Torry|Tyra Ferrell", "id": 8291}