{"overview": "Turtles can fly tells the story of a group of young children near the Turkey-Iran border. They clean up mines and wait for the Saddam regime to fall.", "popularity": 10.917, "original_title": "\u06a9\u06cc\u0633\u06d5\u06b5\u06d5\u06a9\u0627\u0646\u06cc\u0634 \u062f\u06d5\u0641\u0695\u0646", "runtime": 98, "release_date": "2005-01-07", "vote_average": 7.7, "vote_count": 202, "status": "Released", "tagline": "", "spoken_languages": "en|ku", "cast": "Soran Ebrahim|Avaz Latif|Saddam Hossein Feysal|Hiresh Feysal Rahman|Abdol Rahman Karim", "id": 8340}