{"overview": "A couple falls in love and agrees to meet in six months at the Empire State Building - but will it happen?", "popularity": 12.304, "original_title": "An Affair to Remember", "runtime": 111, "release_date": "1957-07-11", "vote_average": 7.364, "vote_count": 419, "status": "Released", "tagline": "In Italy... on the Mediterranean... across an ocean... and all over New York!", "spoken_languages": "en|fr|it", "cast": "Cary Grant|Deborah Kerr|Richard Denning|Neva Patterson|Cathleen Nesbitt", "id": 8356}