{"overview": "In the year 10,191, the world is at war for control of the desert planet Arrakis\u2014the only place where the space-travel substance Melange 'Spice' can be found. But when one leader gives up control, it's only so he can stage a coup with some unsavory characters.", "popularity": 40.051, "original_title": "Dune", "runtime": 137, "release_date": "1984-12-14", "vote_average": 6.2, "vote_count": 2621, "status": "Released", "tagline": "A world beyond your experience, beyond your imagination.", "spoken_languages": "en", "cast": "Kyle MacLachlan|Francesca Annis|Patrick Stewart|Linda Hunt|Jos\u00e9 Ferrer", "id": 841}