{"overview": "Documentary depicts what happened in Rio de Janeiro on June 12th 2000, when bus 174 was taken by an armed young man, threatening to shoot all the passengers. Transmitted live on all Brazilian TV networks, this shocking and tragic-ending event became one of violence's most shocking portraits, and one of the scariest examples of police incompetence and abuse in recent years.", "popularity": 5.056, "original_title": "\u00d4nibus 174", "runtime": 118, "release_date": "2002-10-22", "vote_average": 7.433, "vote_count": 120, "status": "Released", "tagline": "", "spoken_languages": "es|pt", "cast": "Yvonne Bezerra de Mello|Sandro do Nascimento|Rodrigo Pimentel|Luiz Eduardo Soares", "id": 8439}