{"overview": "As U.S. troops storm the beaches of Normandy, three brothers lie dead on the battlefield, with a fourth trapped behind enemy lines. Ranger captain John Miller and seven men are tasked with penetrating German-held territory and bringing the boy home.", "popularity": 57.321, "original_title": "Saving Private Ryan", "runtime": 169, "release_date": "1998-07-24", "vote_average": 8.211, "vote_count": 14772, "status": "Released", "tagline": "The mission is a man.", "spoken_languages": "cs|de|en|fr", "cast": "Tom Hanks|Tom Sizemore|Edward Burns|Matt Damon|Barry Pepper", "id": 857}