{"overview": "When a younger girl called Emily Rose dies, everyone puts blame on the exorcism which was performed on her by Father Moore prior to her death. The priest is arrested on suspicion of murder. The trial begins with lawyer Erin Bruner representing Moore, but it is not going to be easy, as no one wants to believe what Father Moore says is true.", "popularity": 38.913, "original_title": "The Exorcism of Emily Rose", "runtime": 122, "release_date": "2005-09-09", "vote_average": 6.544, "vote_count": 2570, "status": "Released", "tagline": "", "spoken_languages": "en", "cast": "Laura Linney|Tom Wilkinson|Campbell Scott|Jennifer Carpenter|Kenneth Welsh", "id": 8643}