{"overview": "Casper is a kind young ghost who peacefully haunts a mansion in Maine. When specialist James Harvey arrives to communicate with Casper and his fellow spirits, he brings along his teenage daughter, Kat. Casper quickly falls in love with Kat, but their budding relationship is complicated not only by his transparent state, but also by his troublemaking apparition uncles and their mischievous antics.", "popularity": 47.735, "original_title": "Casper", "runtime": 100, "release_date": "1995-05-26", "vote_average": 6.309, "vote_count": 4306, "status": "Released", "tagline": "Seeing is believing", "spoken_languages": "en", "cast": "Christina Ricci|Bill Pullman|Malachi Pearson|Cathy Moriarty|Eric Idle", "id": 8839}