{"overview": "A fictional story inspired by North America's most famous female boxing promoter, Jackie Kallen. Her struggle to survive and succeed in a male dominated sport.", "popularity": 7.123, "original_title": "Against the Ropes", "runtime": 106, "release_date": "2004-02-20", "vote_average": 5.079, "vote_count": 108, "status": "Released", "tagline": "She gave the boxing world the one-two punch they never saw coming.", "spoken_languages": "en", "cast": "Meg Ryan|Omar Epps|Charles S. Dutton|Tony Shalhoub|Tim Daly", "id": 8842}