{"overview": "When a renegade military reject puts new superweapons in dangerous hands, John Henry Irons becomes Steel. Wearing body armor, wielding a fearsome electrohammer and riding a gadget-packed motorcycle, he's ready to wage war... if he can fix the untimely glitches in his untested gear.", "popularity": 8.551, "original_title": "Steel", "runtime": 97, "release_date": "1997-08-15", "vote_average": 4.343, "vote_count": 230, "status": "Released", "tagline": "Heroes don't come any bigger.", "spoken_languages": "en", "cast": "Shaquille O'Neal|Annabeth Gish|Richard Roundtree|Judd Nelson|Irma P. Hall", "id": 8854}