{"overview": "The Argentine, begins as Che and a band of Cuban exiles (led by Fidel Castro) reach the Cuban shore from Mexico in 1956. Within two years, they mobilized popular support and an army and toppled the U.S.-friendly regime of dictator Fulgencio Batista.", "popularity": 17.261, "original_title": "Che: Part One", "runtime": 134, "release_date": "2008-09-05", "vote_average": 6.82, "vote_count": 683, "status": "Released", "tagline": "The revolution made him a legend.", "spoken_languages": "es|en", "cast": "Benicio del Toro|Demi\u00e1n Bichir|Santiago Cabrera|Vladimir Cruz|Alfredo de Quesada", "id": 8881}