{"overview": "Senior ministry official Ludvik and his wife Anna come back from an official party only to find their home has been broken into and is riddled with listening devices. A harrowing night follows as the couple becomes more and more paranoid that they\u2019re being targeted by the government.", "popularity": 5.136, "original_title": "Ucho", "runtime": 94, "release_date": "1990-01-01", "vote_average": 7.3, "vote_count": 55, "status": "Released", "tagline": "", "spoken_languages": "cs", "cast": "Radoslav Brzobohat\u00fd|Ji\u0159ina Bohdalov\u00e1|Ji\u0159\u00ed C\u00edsler|Miloslav Holub|Milica Kolof\u00edkov\u00e1", "id": 88953}