{"overview": "In the center of the story is the life of the indigenous people of the village Bakhtia at the river Yenisei in the Siberian Taiga. The camera follows the protagonists in the village over a period of a year. The natives, whose daily routines have barely changed over the last centuries, keep living their lives according to their own cultural traditions.", "popularity": 5.92, "original_title": "Happy People: A Year in the Taiga", "runtime": 94, "release_date": "2010-09-03", "vote_average": 7.3, "vote_count": 109, "status": "Released", "tagline": "The director of Cave of Forgotten Dreams and Grizzly Man takes you on an epic journey into the heart of the Siberian wilderness", "spoken_languages": "en|ru", "cast": "Werner Herzog|Gennady Soloviev|Anatoly Blumei|Gennady Tiganov|Mikhail Tarkovsky", "id": 89704}