{"overview": "A shady lawyer attempts a Christmas Eve crime, hoping to swindle the local mob out of some money. But his partner, a strip club owner, might have different plans for the cash.", "popularity": 9.64, "original_title": "The Ice Harvest", "runtime": 88, "release_date": "2005-11-23", "vote_average": 5.905, "vote_count": 268, "status": "Released", "tagline": "Thick Thieves. Thin Ice.", "spoken_languages": "en", "cast": "John Cusack|Billy Bob Thornton|Connie Nielsen|Randy Quaid|Oliver Platt", "id": 9005}