{"overview": "A bounty hunter pursues a former Mafia accountant who embezzled $15 million of mob money. He is also being chased by a rival bounty hunter, the F.B.I., and his old mob boss after jumping bail.", "popularity": 11.917, "original_title": "Midnight Run", "runtime": 126, "release_date": "1988-07-20", "vote_average": 7.189, "vote_count": 965, "status": "Released", "tagline": "This could be the beginning of a beautiful friendship.", "spoken_languages": "en", "cast": "Robert De Niro|Charles Grodin|Yaphet Kotto|John Ashton|Dennis Farina", "id": 9013}