{"overview": "Widowed U.S. president Andrew Shepherd, one of the world's most powerful men, can have anything he wants -- and what he covets most is Sydney Ellen Wade, a Washington lobbyist. But Shepherd's attempts at courting her spark wild rumors and decimate his approval ratings.", "popularity": 16.48, "original_title": "The American President", "runtime": 114, "release_date": "1995-11-17", "vote_average": 6.567, "vote_count": 643, "status": "Released", "tagline": "Why can't the most powerful man in the world have the one thing he wants most?", "spoken_languages": "fr|en", "cast": "Michael Douglas|Annette Bening|Martin Sheen|Michael J. Fox|Richard Dreyfuss", "id": 9087}