{"overview": "Maverick Navy Lieutenant Commander Tom Dodge will never be a textbook officer, but he's a brilliant seaman who's always wanted to command a nuclear submarine \u2014 he's been given one last chance to clean up his record. Unfortunately, Admiral Graham, his nemesis, would rather sink the fleet than give Dodge his own boat. So, Graham stacks the deck against him and assigns Dodge to the Stingray, a diesel-powered WW2 submarine that can barely keep afloat. To make matters worse, Dodge's crew is a collection of maladjusted, mistake-prone misfits. Then, he's tagged the \"enemy\" in a crucial war game, and ordered to take on the U.S. Navy's best.", "popularity": 19.764, "original_title": "Down Periscope", "runtime": 92, "release_date": "1996-03-01", "vote_average": 6.27, "vote_count": 402, "status": "Released", "tagline": "A rusty sub. A rebel commander. A renegade crew. When destiny called, they should have hung up.", "spoken_languages": "en", "cast": "Kelsey Grammer|Lauren Holly|Rob Schneider|Harry Dean Stanton|Bruce Dern", "id": 9101}