{"overview": "Young businessman, Thomas Crown is bored and decides to plan a robbery and assigns a professional agent with the right information to the job. However, Crown is soon betrayed yet cannot blow his cover because he\u2019s in love.", "popularity": 19.523, "original_title": "The Thomas Crown Affair", "runtime": 102, "release_date": "1968-06-26", "vote_average": 6.846, "vote_count": 432, "status": "Released", "tagline": "McQUEEN and DUNAWAY... PARTNERS IN CRIME.", "spoken_languages": "en", "cast": "Steve McQueen|Faye Dunaway|Paul Burke|Jack Weston|Biff McGuire", "id": 912}