{"overview": "A student's premonition of a deadly rollercoaster ride saves her life and a lucky few, but not from death itself \u2013 which seeks out those who escaped their fate.", "popularity": 40.9, "original_title": "Final Destination 3", "runtime": 93, "release_date": "2006-02-09", "vote_average": 6.081, "vote_count": 3549, "status": "Released", "tagline": "This ride will be the death of you.", "spoken_languages": "en", "cast": "Mary Elizabeth Winstead|Ryan Merriman|Kris Lemche|Alexz Johnson|Sam Easton", "id": 9286}