{"overview": "After settling in the tiny Australian town of Walkabout Creek with his significant other and his young son, Mick \"Crocodile\" Dundee is thrown for a loop when a prestigious Los Angeles newspaper offers his honey a job. The family migrates back to the United States, and Croc and son soon find themselves learning some lessons about American life -- many of them inadvertent", "popularity": 15.572, "original_title": "Crocodile Dundee in Los Angeles", "runtime": 95, "release_date": "2001-04-12", "vote_average": 5.2, "vote_count": 561, "status": "Released", "tagline": "He heard there was wildlife in L.A. He didn't know how wild.", "spoken_languages": "en", "cast": "Paul Hogan|Linda Kozlowski|Jere Burns|Jonathan Banks|Alec Wilson", "id": 9290}