{"overview": "When the head of a statue sacred to a village is stolen, a young martial artist goes to the big city and finds himself taking on the underworld to retrieve it.", "popularity": 34.016, "original_title": "\u0e2d\u0e07\u0e04\u0e4c\u0e1a\u0e32\u0e01", "runtime": 105, "release_date": "2003-01-21", "vote_average": 7.093, "vote_count": 1565, "status": "Released", "tagline": "No computer graphics. No stunt doubles. No wires.", "spoken_languages": "en|th", "cast": "Tony Jaa|Petchtai Wongkamlao|Patrarin Punyanutatam|Suchao Pongwilai|Choomporn Theppitak", "id": 9316}