{"overview": "Geophysicist Dr. Josh Keyes discovers that an unknown force has caused the earth's inner core to stop rotating. With the planet's magnetic field rapidly deteriorating, our atmosphere literally starts to come apart at the seams with catastrophic consequences. To resolve the crisis, Keyes, along with a team of the world's most gifted scientists, travel into the earth's core. Their mission: detonate a device that will reactivate the core.", "popularity": 25.975, "original_title": "The Core", "runtime": 136, "release_date": "2003-03-28", "vote_average": 5.771, "vote_count": 1687, "status": "Released", "tagline": "Earth has a deadline.", "spoken_languages": "en", "cast": "Aaron Eckhart|Hilary Swank|Delroy Lindo|Stanley Tucci|Tch\u00e9ky Karyo", "id": 9341}