{"overview": "After breaking up with her girlfriend, a nightclub singer, Jane, answers a personal ad from Robin, a real estate agent with AIDS, seeking a cross-country travel partner. On their journey from New York City to Los Angeles, the two stop by Pittsburgh to pick up Jane's friend Holly, who is trying to escape an abusive relationship. With three distinct personalities, the women must overcome their differences to help one another.", "popularity": 10.28, "original_title": "Boys on the Side", "runtime": 115, "release_date": "1995-02-03", "vote_average": 6.3, "vote_count": 189, "status": "Released", "tagline": "A motion picture that celebrates the art of survival, the gift of laughter and the miracle of friendship.", "spoken_languages": "en", "cast": "Whoopi Goldberg|Mary-Louise Parker|Drew Barrymore|Matthew McConaughey|James Remar", "id": 9382}