{"overview": "The simple story has the pair coming to the rescue of peace-loving Mormons when land-hungry Major Harriman sends his bullies to harass them into giving up their fertile valley. Trinity and Bambino manage to save the Mormons and send the bad guys packing with slapstick humor instead of excessive violence, saving the day.", "popularity": 24.95, "original_title": "Lo chiamavano Trinit\u00e0...", "runtime": 115, "release_date": "1970-12-22", "vote_average": 7.572, "vote_count": 1199, "status": "Released", "tagline": "Look out! Here comes Trinity...", "spoken_languages": "it", "cast": "Terence Hill|Bud Spencer|Steffen Zacharias|Dan Sturkie|Gisela Hahn", "id": 9394}