{"overview": "An American gets a ticket for an audience participation game in London, then gets involved in a case of mistaken identity. As an international plot unravels around him, he thinks it's all part of the act.", "popularity": 15.294, "original_title": "The Man Who Knew Too Little", "runtime": 97, "release_date": "1997-11-14", "vote_average": 6.333, "vote_count": 437, "status": "Released", "tagline": "He\u2019s on a mission so secret, even he doesn\u2019t know about it.", "spoken_languages": "en", "cast": "Bill Murray|Peter Gallagher|Joanne Whalley|Alfred Molina|Richard Wilson", "id": 9414}