{"overview": "In the class-obsessed and religiously divided UK of the early 1920s, two determined young runners train for the 1924 Paris Olympics. Eric Liddell, a devout Christian born to Scottish missionaries in China, sees running as part of his worship of God's glory and refuses to train or compete on the Sabbath. Harold Abrahams overcomes anti-Semitism and class bias, but neglects his beloved sweetheart in his single-minded quest.", "popularity": 16.077, "original_title": "Chariots of Fire", "runtime": 124, "release_date": "1981-05-15", "vote_average": 6.802, "vote_count": 813, "status": "Released", "tagline": "This is the story of two men who run, not to run, but to prove something to the world. They will sacrifice anything to achieve their goals... except their honor.", "spoken_languages": "en", "cast": "Ben Cross|Ian Charleson|Cheryl Campbell|Alice Krige|Nigel Havers", "id": 9443}