{"overview": "Danny is a young cop partnered with Nick, a seasoned but ethically tainted veteran. As the two try to stop a gang war in Chinatown, Danny relies on Nick but grows increasingly uncomfortable with the way Nick gets things done.", "popularity": 14.003, "original_title": "The Corruptor", "runtime": 110, "release_date": "1999-03-12", "vote_average": 6.079, "vote_count": 248, "status": "Released", "tagline": "You can't play by the rules if there aren't any.", "spoken_languages": "cn|zh|en", "cast": "Mark Wahlberg|Chow Yun-fat|Byron Mann|Kim Chan|Ric Young", "id": 9455}