{"overview": "After a small misunderstanding aboard an airplane escalates out of control, timid businessman Dave Buznik is ordered by the court to undergo anger management therapy at the hands of specialist Dr. Buddy Rydell. But when Buddy steps up his aggressive treatment by moving in, Dave goes from mild to wild as the unorthodox treatment wreaks havoc with his life.", "popularity": 29.389, "original_title": "Anger Management", "runtime": 106, "release_date": "2003-04-11", "vote_average": 6.144, "vote_count": 2881, "status": "Released", "tagline": "Feel the Love.", "spoken_languages": "en", "cast": "Adam Sandler|Jack Nicholson|Marisa Tomei|Luis Guzm\u00e1n|Allen Covert", "id": 9506}