{"overview": "Alex the lion is the king of the urban jungle, the main attraction at New York's Central Park Zoo. He and his best friends\u2014Marty the zebra, Melman the giraffe and Gloria the hippo\u2014have spent their whole lives in blissful captivity before an admiring public and with regular meals provided for them. Not content to leave well enough alone, Marty lets his curiosity get the better of him and makes his escape\u2014with the help of some prodigious penguins\u2014to explore the world.", "popularity": 69.839, "original_title": "Madagascar", "runtime": 86, "release_date": "2005-05-25", "vote_average": 6.896, "vote_count": 10164, "status": "Released", "tagline": "Someone\u2019s got a zoo loose.", "spoken_languages": "en|fr|de|pt|es", "cast": "Ben Stiller|Chris Rock|David Schwimmer|Jada Pinkett Smith|Sacha Baron Cohen", "id": 953}