{"overview": "A weekend cruise on a luxurious party yacht goes horribly wrong for a group of old high-school friends when they get stuck in the water many miles from shore and a happy reunion turns into a fight for survival.", "popularity": 15.342, "original_title": "Open Water 2: Adrift", "runtime": 94, "release_date": "2006-07-10", "vote_average": 5.473, "vote_count": 640, "status": "Released", "tagline": "Fatigue. Hypothermia. Death.", "spoken_languages": "fr|en", "cast": "Susan May Pratt|Eric Dane|Richard Speight Jr.|Niklaus Lange|Ali Hillis", "id": 9592}