{"overview": "Shallow, rich and socially successful Cher is at the top of her Beverly Hills high school's pecking scale. Seeing herself as a matchmaker, Cher first coaxes two teachers into dating each other. Emboldened by her success, she decides to give hopelessly klutzy new student Tai a makeover. When Tai becomes more popular than she is, Cher realizes that her disapproving ex-stepbrother was right about how misguided she was -- and falls for him.", "popularity": 31.204, "original_title": "Clueless", "runtime": 97, "release_date": "1995-07-19", "vote_average": 7.273, "vote_count": 4047, "status": "Released", "tagline": "Sex. Clothes. Popularity. Is there a problem here?", "spoken_languages": "es|en", "cast": "Alicia Silverstone|Stacey Dash|Brittany Murphy|Paul Rudd|Donald Faison", "id": 9603}