{"overview": "In order to avoid a jail sentence, Sean Boswell heads to Tokyo to live with his military father. In a low-rent section of the city, Shaun gets caught up in the underground world of drift racing", "popularity": 13.079, "original_title": "The Fast and the Furious: Tokyo Drift", "runtime": 104, "release_date": "2006-06-03", "vote_average": 6.459, "vote_count": 6276, "status": "Released", "tagline": "On the streets of Tokyo, speed needs no translation.", "spoken_languages": "en|ja", "cast": "Lucas Black|Nathalie Kelley|Sung Kang|Shad Moss|Brian Tee", "id": 9615}