{"overview": "Charlie Croker pulled off the crime of a lifetime. The one thing that he didn't plan on was being double-crossed. Along with a drop-dead gorgeous safecracker, Croker and his team take off to re-steal the loot and end up in a pulse-pounding, pedal-to-the-metal chase that careens up, down, above and below the streets of Los Angeles.", "popularity": 33.858, "original_title": "The Italian Job", "runtime": 110, "release_date": "2003-05-30", "vote_average": 6.764, "vote_count": 5148, "status": "Released", "tagline": "Get in. Get out. Get even.", "spoken_languages": "uk|en|it", "cast": "Mark Wahlberg|Charlize Theron|Edward Norton|Jason Statham|Seth Green", "id": 9654}