{"overview": "After the lord of darkness decides he will not cede his throne to any of his three sons, the two most powerful of them escape to Earth to create a kingdom for themselves. This action closes the portal filtering sinful souls to Hell and causes Satan to wither away. He must send his most weak but beloved son, Little Nicky, to Earth to return his brothers to Hell.", "popularity": 26.653, "original_title": "Little Nicky", "runtime": 90, "release_date": "2000-11-10", "vote_average": 5.867, "vote_count": 1664, "status": "Released", "tagline": "Be unafraid. Be very unafraid.", "spoken_languages": "en", "cast": "Adam Sandler|Patricia Arquette|Harvey Keitel|Rhys Ifans|Tommy Lister Jr.", "id": 9678}