{"overview": "With a reputation for seducing members of the opposite sex, regardless of their marital status, a notorious womanizer discovers a beauty who seems impervious to his charms. However, as he continues to pursue the indifferent lady, he finds himself falling in love.", "popularity": 14.295, "original_title": "Casanova", "runtime": 112, "release_date": "2005-12-25", "vote_average": 6.449, "vote_count": 822, "status": "Released", "tagline": "He won every woman's heart. She won his.", "spoken_languages": "en", "cast": "Heath Ledger|Sienna Miller|Jeremy Irons|Oliver Platt|Lena Olin", "id": 9681}