{"overview": "Apartment building superintendent Cleveland Heep rescues what he thinks is a young woman from the pool he maintains. When he discovers that she is actually a character from a bedtime story who is trying to make the journey back to her home, he works with his tenants to protect his new friend from the creatures that are determined to keep her in our world.", "popularity": 10.244, "original_title": "Lady in the Water", "runtime": 110, "release_date": "2006-07-20", "vote_average": 5.537, "vote_count": 1267, "status": "Released", "tagline": "Time is running out for a happy ending.", "spoken_languages": "zh|en|es", "cast": "Paul Giamatti|Bryce Dallas Howard|Jeffrey Wright|Bob Balaban|Sarita Choudhury", "id": 9697}