{"overview": "After she delivers her child in an ambulance, alien Eve is killed by a half-breed. Fortunately, Dr. Abbot scoops up the baby alien and escapes. In time, the baby grows into a gorgeous blonde named Sara and begins her quest to find a worthy mate. But Sara is also savage and leaves a trail of deaths in her wake. This carnage makes chemistry student Dean question whether to help her race or not.", "popularity": 17.682, "original_title": "Species III", "runtime": 111, "release_date": "2004-11-26", "vote_average": 5.2, "vote_count": 361, "status": "Released", "tagline": "Beauty is only skin deep", "spoken_languages": "en", "cast": "Robin Dunne|Robert Knepper|Sunny Mabrey|Amelia Cooke|Christopher Neame", "id": 9711}