{"overview": "The Tibetans refer to the Dalai Lama as 'Kundun', which means 'The Presence'. He was forced to escape from his native home, Tibet, when communist China invaded and enforced an oppressive regime upon the peaceful nation. The Dalai Lama escaped to India in 1959 and has been living in exile in Dharamsala ever since.", "popularity": 12.156, "original_title": "Kundun", "runtime": 134, "release_date": "1997-12-25", "vote_average": 6.9, "vote_count": 410, "status": "Released", "tagline": "The destiny of a people lies in the heart of a boy.", "spoken_languages": "en|zh|bo", "cast": "Tenzin Thuthob Tsarong|Tencho Gyalpo|Tsewang Migyur Khangsar|Gyurme Tethong|Robert Lin", "id": 9746}