{"overview": "Randy Daytona was a child ping pong prodigy who lost his chance at Olympic gold when his father is murdered by the mysterious Feng over a gambling debt. 15yrs later he's down on his luck and scraping a living doing seedy back room shows in Vegas; when the FBI turn up and ask for his help to take down Feng... who just happens to love Ping Pong.", "popularity": 11.766, "original_title": "Balls of Fury", "runtime": 90, "release_date": "2007-08-29", "vote_average": 5.217, "vote_count": 480, "status": "Released", "tagline": "A huge comedy with tiny balls.", "spoken_languages": "en|zh", "cast": "Dan Fogler|Christopher Walken|George Lopez|Maggie Q|James Hong", "id": 9750}