{"overview": "After an attack leaves him in limbo -- invisible to the living and also near death -- a teenager discovers the only person who might be able help him is his attacker.", "popularity": 10.498, "original_title": "The Invisible", "runtime": 102, "release_date": "2007-04-27", "vote_average": 6.346, "vote_count": 494, "status": "Released", "tagline": "Life, death and something in between.", "spoken_languages": "en", "cast": "Justin Chatwin|Margarita Levieva|Marcia Gay Harden|Alex O'Loughlin|Michelle Harrison", "id": 9785}