{"overview": "In the year 180, the death of emperor Marcus Aurelius throws the Roman Empire into chaos.  Maximus is one of the Roman army's most capable and trusted generals and a key advisor to the emperor.  As Marcus' devious son Commodus ascends to the throne, Maximus is set to be executed.  He escapes, but is captured by slave traders.  Renamed Spaniard and forced to become a gladiator, Maximus must battle to the death with other men for the amusement of paying audiences.", "popularity": 78.704, "original_title": "Gladiator", "runtime": 155, "release_date": "2000-05-04", "vote_average": 8.21, "vote_count": 17114, "status": "Released", "tagline": "A hero will rise.", "spoken_languages": "en", "cast": "Russell Crowe|Joaquin Phoenix|Connie Nielsen|Oliver Reed|Richard Harris", "id": 98}