{"overview": "When vengeful General Francis X. Hummel seizes control of Alcatraz Island and threatens to launch missiles loaded with deadly chemical weapons into San Francisco, only a young FBI chemical weapons expert and notorious Federal prisoner have the stills to penetrate the impregnable island fortress and take him down.", "popularity": 30.826, "original_title": "The Rock", "runtime": 137, "release_date": "1996-06-07", "vote_average": 7.107, "vote_count": 4264, "status": "Released", "tagline": "Alcatraz. Only one man has ever broken out. Now five million lives depend on two men breaking in.", "spoken_languages": "en", "cast": "Sean Connery|Nicolas Cage|Ed Harris|William Forsythe|David Morse", "id": 9802}