{"overview": "Bounced from her job, Erin Grant needs money if she's to have any chance of winning back custody of her child. But, eventually, she must confront the naked truth: to take on the system, she'll have to take it all off. Erin strips to conquer, but she faces unintended circumstances when a hound dog of a Congressman zeroes in on her and sharpens the shady tools at his fingertips, including blackmail and murder.", "popularity": 24.591, "original_title": "Striptease", "runtime": 115, "release_date": "1996-06-28", "vote_average": 5.544, "vote_count": 995, "status": "Released", "tagline": "Some People Get Into Trouble No Matter What They WEAR.", "spoken_languages": "en|fr", "cast": "Demi Moore|Burt Reynolds|Armand Assante|Ving Rhames|Robert Patrick", "id": 9879}