{"overview": "In an ensemble film about easy money, greed, manipulation and bad driving, a Las Vegas casino tycoon entertains his wealthiest high rollers -- a group that will bet on anything -- by pitting six ordinary people against each other in a wild dash for $2 million jammed into a locker hundreds of miles away. The tycoon and his wealthy friends monitor each racer's every move to keep track of their favorites. The only rule in this race is that there are no rules.", "popularity": 23.372, "original_title": "Rat Race", "runtime": 112, "release_date": "2001-08-17", "vote_average": 6.242, "vote_count": 1637, "status": "Released", "tagline": "563 miles. 9 people. $2 million. 1001 problems!", "spoken_languages": "en", "cast": "Rowan Atkinson|Lanei Chapman|John Cleese|Whoopi Goldberg|Cuba Gooding Jr.", "id": 9896}