{"overview": "Elektra the warrior survives a near-death experience, becomes an assassin-for-hire, and tries to protect her two latest targets, a single father and his young daughter, from a group of supernatural assassins.", "popularity": 24.357, "original_title": "Elektra", "runtime": 97, "release_date": "2005-01-13", "vote_average": 5.029, "vote_count": 2244, "status": "Released", "tagline": "Looks can kill", "spoken_languages": "en|ja", "cast": "Jennifer Garner|Goran Visnjic|Will Yun Lee|Cary-Hiroyuki Tagawa|Terence Stamp", "id": 9947}